neighborhood_id,neighborhood_name,device_serial,device_connectedto,device_address,device_lat,device_long,device_tags,etl_updatedtimestamp,is_current,org1,org2,inside_outside,landmark,shape_wkt,POINT_X,POINT_Y
N_568579452955534204,Dorchester,Q3AK-CHXF-RGX7,DOT-GREENWOOD-MR76 AP2,"189 Glenway St., Dorchester, MA",42.296553338999999,-71.080653905999995,{},8/19/2026 2:40:49.000,1,,,,,POINT (-71.080653905999952 42.29655333900007),-71.080653905999952,42.296553339000070
N_579275502070532581,Roxbury,Q3AK-DCRG-BFEQ,ROX-EMERSON-MR76 AP2,"6 SHIRLEY ST
 ROXBURY, MA 02119",42.323517334000002,-71.072877907000006,{},8/19/2026 2:40:52.000,1,,,,,POINT (-71.072877906999963 42.32351733400003),-71.072877906999963,42.323517334000030
N_568579452955534204,Dorchester,Q3AK-KPBF-RQPB,DOT-BPL-UphamsCorner-Roof-MR76-AP4,"500 Columbia Rd., Dorchester, MA",42.314769335999998,-71.067581408999999,"{BPL,Outside,Uphams-Corner-Branch}",8/19/2026 2:40:49.000,1,BPL,,Outside,Uphams Corner Branch,POINT (-71.067581408999956 42.31476933600004),-71.067581408999956,42.314769336000040
N_568579452955534204,Dorchester,Q3AK-KF43-SL9A,DOT-HOLLAND-MR76 AP1,"85 Olney St., Dorchester, MA",42.305607336999998,-71.073858908000005,{},8/19/2026 2:40:49.000,1,,,,,POINT (-71.073858907999977 42.305607337000026),-71.073858907999977,42.305607337000026
N_568579452955534204,Dorchester,Q3AK-ERXZ-SVYN,DOT-BPDC11-MR76-AP1,"40 Gibson st, Dorchester, ma",42.297966338000002,-71.059260913000003,{recently-added},8/19/2026 2:40:49.000,1,,,,,POINT (-71.059260912999946 42.297966338000037),-71.059260912999946,42.297966338000037
N_568579452955537848,South Boston,Q3AK-FNBK-NMB3,SB-PERRY-MR76 AP2,,,,"{employee,recently-added}",8/19/2026 2:40:50.000,1,,,,employee,,,
N_568579452955537848,South Boston,Q3AK-CZDU-7UBV,SB-HIGHSCHOOL-MR76 AP2,"95 G St., South Boston, MA",42.332859331000002,-71.044887915000004,{},8/19/2026 2:40:50.000,1,,,,,POINT (-71.044887914999947 42.332859331000066),-71.044887914999947,42.332859331000066
N_568579452955537848,South Boston,Q3AK-DEDQ-VUCP,SB-HIGHSCHOOL-MR76 AP1,"95 G St., South Boston, MA",42.332859331000002,-71.044887915000004,{},8/19/2026 2:40:50.000,1,,,,,POINT (-71.044887914999947 42.332859331000066),-71.044887914999947,42.332859331000066
N_568579452955538062,Charlestown,Q3AK-D3T9-C5CY,CHL-HIGHSCHOOL-MR76- AP2,"240 Medford St., Charlestown, MA",42.380109322999999,-71.061069907000004,{},8/19/2026 2:40:50.000,1,,,,,POINT (-71.061069906999933 42.380109323000056),-71.061069906999933,42.380109323000056
N_568579452955538316,Hyde Park,Q3AK-DHB8-QYBW,HP-BPD18-MR76 AP2,"1249 Hyde Park Ave., Hyde Park, MA",42.256467348000001,-71.124218393999996,{},8/19/2026 2:40:51.000,1,,,,,POINT (-71.124218393999968 42.256467348000058),-71.124218393999968,42.256467348000058
N_568579452955538316,Hyde Park,Q3AE-QUJD-D49Q,HP-BPL-MR86 AP1,"35 Harvard Ave., Hyde Park, MA - Roof North",42.257106348000001,-71.122089893999998,{},8/19/2026 2:40:51.000,1,,,,,POINT (-71.122089893999942 42.257106348000036),-71.122089893999942,42.257106348000036
N_568579452955538316,Hyde Park,Q3AK-CUSV-LHEA,HP-BPL-MR76 AP2,"35 Harvard Ave., Hyde Park, MA - Roof South",42.257106348000001,-71.122089893999998,{},8/19/2026 2:40:51.000,1,,,,,POINT (-71.122089893999942 42.257106348000036),-71.122089893999942,42.257106348000036
N_568579452955538316,Hyde Park,Q3AK-D9UD-UJSP,HP-BFD48-MR76 AP2,"60 Fairmont Ave., Hyde Park, MA",42.255117349000002,-71.119880394999996,{recently-added},8/19/2026 2:40:51.000,1,,,,,POINT (-71.119880394999939 42.255117349000045),-71.119880394999939,42.255117349000045
N_568579452955538316,Hyde Park,Q3AK-EQZ5-MHCW,HP-Maple-MR76 AP1,"Maple St., Hyde Park, MA - between Oak and River St.",42.254570000000001,-71.122450000000001,{},8/19/2026 2:40:51.000,1,,,,,POINT (-71.122449999999958 42.254570000000058),-71.122449999999958,42.254570000000058
N_568579452955538316,Hyde Park,Q3AE-7L99-733V,HP-BFD48-MR86 AP1,"60 Fairmont Ave., Hyde Park, MA",42.255117349000002,-71.119880394999996,{recently-added},8/19/2026 2:40:51.000,1,,,,,POINT (-71.119880394999939 42.255117349000045),-71.119880394999939,42.255117349000045
N_568579452955538316,Hyde Park,Q3AK-DKU7-DL3F,HP-CENTRAL-MR76 AP1,"6 SHIRLEY ST
 ROXBURY, MA 02119",42.323517334000002,-71.072877907000006,{recently-added},8/19/2026 2:40:51.000,1,,,,,POINT (-71.072877906999963 42.32351733400003),-71.072877906999963,42.323517334000030
N_568579452955538316,Hyde Park,Q3AK-CSTD-TEU2,HP-BPD18-MR76 AP1,"1249 Hyde Park Ave., Hyde Park, MA",42.256467348000001,-71.124218393999996,{recently-added},8/19/2026 2:40:51.000,1,,,,,POINT (-71.124218393999968 42.256467348000058),-71.124218393999968,42.256467348000058
N_568579452955538703,Allston Brighton,Q3KG-PACZ-LRS7,AB-BRIGHTON-HIGH-MR86 AP3,"25 Warren St, Brighton, MA 02135",42.349077330999997,-71.145489881000003,{},8/19/2026 2:40:52.000,1,,,,,POINT (-71.145489880999946 42.349077331000046),-71.145489880999946,42.349077331000046
N_568579452955538703,Allston Brighton,Q3KG-URWY-FMFW,AB-BRIGHTON-HIGH-MR86 AP1,"25 Warren St, Brighton, MA 02135",42.349077330999997,-71.145489881000003,{},8/19/2026 2:40:52.000,1,,,,,POINT (-71.145489880999946 42.349077331000046),-71.145489880999946,42.349077331000046
N_568579452955538703,Allston Brighton,Q3KG-VBZ5-S4CV,AB-BRIGHTON-HIGH-MR86 AP2,"25 Warren St, Brighton, MA 02135",42.349077330999997,-71.145489881000003,{},8/19/2026 2:40:52.000,1,,,,,POINT (-71.145489880999946 42.349077331000046),-71.145489880999946,42.349077331000046
N_579275502070532581,Roxbury,Q3AK-D6T9-HD45,ROX-ORCHARD-MR76 AP2,"906 Albany St., Roxbury, MA",42.330267333000002,-71.077908905000001,{},8/19/2026 2:40:52.000,1,,,,,POINT (-71.077908904999958 42.330267333000052),-71.077908904999958,42.330267333000052
N_601230550253962329,BCYF-Vine-CC_ Indoor,Q3NF-3J8G-EQXE,BCYF-Vine Street-Dance Studio Rm 209 Left-MR46,,,,{},8/19/2026 2:40:56.000,1,,,,,,,
N_579275502070532581,Roxbury,Q3AK-GV2R-TYZ2,ROX-BPDB2-MR76 AP3,"2400 Washington St., Roxbury, MA - Left Side Facing Bartlett St",42.328431332999997,-71.085671402000003,{},8/19/2026 2:40:52.000,1,,,,,POINT (-71.085671401999946 42.328431333000026),-71.085671401999946,42.328431333000026
N_579275502070532581,Roxbury,Q3AK-DEZB-XZLD,ROX-ORCHARD-MR76 AP1,"906 Albany St., Roxbury, MA",42.330267333000002,-71.077908905000001,{},8/19/2026 2:40:52.000,1,,,,,POINT (-71.077908904999958 42.330267333000052),-71.077908904999958,42.330267333000052
N_579275502070532581,Roxbury,Q3AK-DELU-84S4,ROX-BFDE14-MR76 AP2,"174 Dudley St., Roxbury, MA - Front Roof Facing Dudley St",42.328809333000002,-71.082408903000001,{},8/19/2026 2:40:52.000,1,,,,,POINT (-71.082408902999987 42.328809333000038),-71.082408902999987,42.328809333000038
N_579275502070532581,Roxbury,Q3AK-DAEE-MMEQ,ROX-MLKSCHOOL-MR76 AP3,"77 Lawrence Ave., Roxbury, MA",42.311295336000001,-71.076194405999999,{},8/19/2026 2:40:52.000,1,,,,,POINT (-71.076194405999956 42.311295336000057),-71.076194405999956,42.311295336000057
N_579275502070532581,Roxbury,Q3AK-DH7U-B5YX,ROX-BURKE-MR76 AP1,"60 Washington St, Dorchester, MA 02121",42.306849337000003,-71.081639405000004,{},8/19/2026 2:40:52.000,1,,,,,POINT (-71.081639404999976 42.306849337000074),-71.081639404999976,42.306849337000074
N_579275502070532581,Roxbury,Q3AK-CNXU-8WJA,ROX-BPDB2-MR76 AP1,"2400 Washington St., Roxbury, MA -",42.328431332999997,-71.085671402000003,{},8/19/2026 2:40:52.000,1,,,,,POINT (-71.085671401999946 42.328431333000026),-71.085671401999946,42.328431333000026
N_579275502070532581,Roxbury,Q3AK-HBPM-GUQC,ROX-FREDERICK-MR76 AP1,"270 Columbia Rd., Dorchester, MA",42.309054336999999,-71.075411407000004,{},8/19/2026 2:40:52.000,1,,,,,POINT (-71.075411406999933 42.309054337000077),-71.075411406999933,42.309054337000077
N_579275502070532581,Roxbury,Q3AK-CQZB-F9JQ,ROX-EMERSON-MR76 AP1,"745 E 7th St, South Boston, MA 02127",42.332112330999998,-71.030199920000001,{recently-added},8/19/2026 2:40:52.000,1,,,,,POINT (-71.030199919999973 42.332112331000076),-71.030199919999973,42.332112331000076
N_579275502070532581,Roxbury,Q3AK-D8B2-A4DS,ROX-BFDE14-MR76 AP1,"174 Dudley St., Roxbury, MA - Rear Roof Facing Palmer Street",42.328809333000002,-71.082408903000001,{},8/19/2026 2:40:52.000,1,,,,,POINT (-71.082408902999987 42.328809333000038),-71.082408902999987,42.328809333000038
N_579275502070532581,Roxbury,Q3AK-EJ5Q-V3L5,ROX-Madison-Park-HS-MR76-AP1,"75 Malcolm X Blvd, Boston, MA 02120",42.331905333000002,-71.090877899999995,"{BPS,Outside}",8/19/2026 2:40:52.000,1,BPS,,Outside,,POINT (-71.090877899999953 42.331905333000066),-71.090877899999953,42.331905333000066
N_579275502070532581,Roxbury,Q3AK-KFKB-F8EQ,ROX-FREDERICK-MR76 AP2,"270 Columbia Rd., Dorchester, MA",42.309054336999999,-71.075411407000004,{},8/19/2026 2:40:52.000,1,,,,,POINT (-71.075411406999933 42.309054337000077),-71.075411406999933,42.309054337000077
N_579275502070532581,Roxbury,Q3AK-DH2Z-PDYT,ROX-ORCHARD-MR76 AP3,"906 Albany St., Roxbury, MA",42.330267333000002,-71.077908905000001,{},8/19/2026 2:40:52.000,1,,,,,POINT (-71.077908904999958 42.330267333000052),-71.077908904999958,42.330267333000052
N_579275502070532581,Roxbury,Q3AK-DH64-H76W,ROX-BURKE-MR76 AP2,"60 Washington St, Dorchester, MA 02121",42.306849337000003,-71.081639405000004,{},8/19/2026 2:40:52.000,1,,,,,POINT (-71.081639404999976 42.306849337000074),-71.081639404999976,42.306849337000074
N_579275502070532581,Roxbury,Q3AK-CSYA-RYWT,ROX-BPDB2-MR76 AP2,"2400 Washington St., Roxbury, MA - Left Side Rear Roof Facing Dudley & Washington",42.328431332999997,-71.085671402000003,{},8/19/2026 2:40:52.000,1,,,,,POINT (-71.085671401999946 42.328431333000026),-71.085671401999946,42.328431333000026
N_579275502070532581,Roxbury,Q3AK-HC4T-QPG7,ROX-Madison-Park-HS-MR76-AP2,"75 Malcolm X Blvd, Boston, MA 02120",42.331905333000002,-71.090877899999995,"{BPS,Outside}",8/19/2026 2:40:52.000,1,BPS,,Outside,,POINT (-71.090877899999953 42.331905333000066),-71.090877899999953,42.331905333000066
N_579275502070532581,Roxbury,Q3AK-DMWU-Y5DN,ROX-BFDE14-MR76 AP3,"174 Dudley St., Roxbury, MA - Accross from Engine 14",42.328809333000002,-71.082408903000001,{},8/19/2026 2:40:52.000,1,,,,,POINT (-71.082408902999987 42.328809333000038),-71.082408902999987,42.328809333000038
N_579275502070532581,Roxbury,Q3AK-CV7G-LEVK,ROX-MLKSCHOOL-MR76 AP1,"77 Lawrence Ave., Roxbury, MA",42.311295336000001,-71.076194405999999,{},8/19/2026 2:40:52.000,1,,,,,POINT (-71.076194405999956 42.311295336000057),-71.076194405999956,42.311295336000057
N_579275502070532581,Roxbury,Q3AK-CQYZ-UEAT,ROX-MLKSCHOOL-MR76 AP2,"77 Lawrence Ave., Roxbury, MA",42.311295336000001,-71.076194405999999,{},8/19/2026 2:40:52.000,1,,,,,POINT (-71.076194405999956 42.311295336000057),-71.076194405999956,42.311295336000057
N_601230550253961310,Downtown Boston - City Hall - Quincy Market,Q3AE-Q7YG-V974,DT-QUINCYMARKET-AP1,"Faneuil Hall Marketplace
Boston MA 02201",42.360169136209969,-71.055804491043105,{},8/19/2026 2:40:53.000,1,,,,,POINT (-71.055804490999947 42.360169136000025),-71.055804490999947,42.360169136000025
N_601230550253961310,Downtown Boston - City Hall - Quincy Market,Q3AK-D5DU-9HST,Faneuil-Hall-Marketplace-window-2,"1 Faneuil Hall Sq, Boston, MA 02109",42.360039327000003,-71.056227910000004,{recently-added},8/19/2026 2:40:53.000,1,,,,,POINT (-71.056227909999961 42.360039327000038),-71.056227909999961,42.360039327000038
N_601230550253961310,Downtown Boston - City Hall - Quincy Market,Q3AE-4FLA-SJCJ,DT-Beer garden 2- higher level of beer garden,One City Hall Sq  Boston MA 02201,42.360291326999999,-71.058270909000001,{},8/19/2026 2:40:53.000,1,,,,,POINT (-71.058270908999987 42.360291327000027),-71.058270908999987,42.360291327000027
N_601230550253961310,Downtown Boston - City Hall - Quincy Market,Q3AE-ZXW8-H9ZW,DT-CITYHALL-8th-Floor-Interior Ring,"One City Hall Sq
Boston MA 02201",42.360291326999999,-71.058270909000001,{},8/19/2026 2:40:53.000,1,,,,,POINT (-71.058270908999987 42.360291327000027),-71.058270908999987,42.360291327000027
N_601230550253961310,Downtown Boston - City Hall - Quincy Market,Q3AE-TBT5-D72C,DT-Beer garden 1- lower part of beer garden,One City Hall Sq  Boston MA 02201,42.360291326999999,-71.058270909000001,{},8/19/2026 2:40:53.000,1,,,,,POINT (-71.058270908999987 42.360291327000027),-71.058270908999987,42.360291327000027
N_601230550253961310,Downtown Boston - City Hall - Quincy Market,Q3AE-3S8D-CZPE,DT-CITYHALL-4th-Floor-Patio-Daycare,One City Hall Sq  Boston MA 02201,42.360291326999999,-71.058270909000001,{},8/19/2026 2:40:53.000,1,,,,,POINT (-71.058270908999987 42.360291327000027),-71.058270908999987,42.360291327000027
N_601230550253961310,Downtown Boston - City Hall - Quincy Market,Q3AE-F6RV-VVHP,DT-QUINCYMARKET-AP3,"Faneuil Hall Marketplace
Boston MA 02201",42.360022471856553,-71.055750846862807,{},8/19/2026 2:40:53.000,1,,,,,POINT (-71.055750846999956 42.360022472000026),-71.055750846999956,42.360022472000026
N_601230550253961310,Downtown Boston - City Hall - Quincy Market,Q3AE-ARNB-HFAK,DT-QUINCYMARKET-AP2,"Faneuil Hall Marketplace
Boston MA 02201",42.360319764108517,-71.054028868675246,{},8/19/2026 2:40:53.000,1,,,,,POINT (-71.054028868999978 42.360319764000053),-71.054028868999978,42.360319764000053
N_601230550253961310,Downtown Boston - City Hall - Quincy Market,Q3AK-C98F-JUR2,Faneuil-Hall-Marketplace-window-1,"1 Faneuil Hall Sq, Boston, MA 02109",42.360039327000003,-71.056227910000004,{},8/19/2026 2:40:53.000,1,,,,,POINT (-71.056227909999961 42.360039327000038),-71.056227909999961,42.360039327000038
N_601230550253961310,Downtown Boston - City Hall - Quincy Market,Q3AE-MULH-9V9B,DT-CITYHALL-9th-Floor-Interior Ring,One City Hall Sq.  Boston MA 02201,42.360291326999999,-71.058270909000001,{},8/19/2026 2:40:53.000,1,,,,,POINT (-71.058270908999987 42.360291327000027),-71.058270908999987,42.360291327000027
N_601230550253961310,Downtown Boston - City Hall - Quincy Market,Q3AE-HJRQ-D68Q,DT-CITYHALL-GUARDSHACK,One City Hall Sq Boston MA 02201,42.360291326999999,-71.058270909000001,{},8/19/2026 2:40:53.000,1,,,,,POINT (-71.058270908999987 42.360291327000027),-71.058270908999987,42.360291327000027
N_601230550253961310,Downtown Boston - City Hall - Quincy Market,Q3AE-PMFQ-JUX3,DT-QUINCYMARKET-AP4,"Faneuil Hall Marketplace
Boston MA 02201",42.360153280620700,-71.054061055183425,{},8/19/2026 2:40:53.000,1,,,,,POINT (-71.054061055999966 42.360153280000077),-71.054061055999966,42.360153280000077
N_601230550253961310,Downtown Boston - City Hall - Quincy Market,Q3AE-JLUF-293V,DT-City Hall Front right side up stairs,One City Hall Sq  Boston MA 02201,42.360291326999999,-71.058270909000001,{},8/19/2026 2:40:53.000,1,,,,,POINT (-71.058270908999987 42.360291327000027),-71.058270908999987,42.360291327000027
N_601230550253961310,Downtown Boston - City Hall - Quincy Market,Q3AE-ZUF3-Y73P,DT-CITYHALL-4th-Floor-Patio-AP1,One City Hall Sq  Boston MA 02201,42.360291326999999,-71.058270909000001,{},8/19/2026 2:40:53.000,1,,,,,POINT (-71.058270908999987 42.360291327000027),-71.058270908999987,42.360291327000027
N_601230550253961436,East Boston,Q3AK-FUAX-UM6M,EB-Maverick-MR76-1,"208 Sumner St, East Boston, MA 02128",42.369075324000001,-71.039586915000001,"{employee,recently-added}",8/19/2026 2:40:53.000,1,,,,employee,POINT (-71.039586914999973 42.36907532400005),-71.039586914999973,42.369075324000050
N_601230550253961436,East Boston,Q3KG-VVQ3-FV5F,EB-BPDA7-MR86 AP2,,,,{},8/19/2026 2:40:53.000,1,,,,,,,
N_601230550253961436,East Boston,Q3AK-DXK9-22PC,EB-Maverick-MR76-2,"239 Sumner St, Boston, MA 02128",42.368049323999998,-71.038722914999994,"{employee,recently-added}",8/19/2026 2:40:53.000,1,,,,employee,POINT (-71.038722914999937 42.368049324000026),-71.038722914999937,42.368049324000026
N_601230550253961436,East Boston,Q3AK-DC68-NNRW,EB-Engine9-MR76-2,"239 Sumner St, Boston, MA 02128",42.368049323999998,-71.038722914999994,"{employee,recently-added}",8/19/2026 2:40:53.000,1,,,,employee,POINT (-71.038722914999937 42.368049324000026),-71.038722914999937,42.368049324000026
N_601230550253961436,East Boston,Q3AK-DUMU-E36N,EB-Engine9-MR76-1,"208 Sumner St, East Boston, MA 02128",42.369075324000001,-71.039586915000001,"{employee,recently-added}",8/19/2026 2:40:53.000,1,,,,employee,POINT (-71.039586914999973 42.36907532400005),-71.039586914999973,42.369075324000050
N_601230550253961587,BCYF-Tremont,Q3KD-TFL6-VRDW,BCYF-3rd FL GED-MR46,"1483 Tremont St Boston, MA",42.332229333000001,-71.098239898000003,"{bcyf,cob-employee}",8/19/2026 2:40:54.000,1,,,,cob employee,POINT (-71.098239897999974 42.332229333000043),-71.098239897999974,42.332229333000043
N_601230550253961587,BCYF-Tremont,Q3KD-8X3V-3EZ4,AgeStrong-1st FL Tremont-MR46,"1483 Tremont St Boston, MA",42.332229333000001,-71.098239898000003,"{bcyf,cob-employee}",8/19/2026 2:40:54.000,1,,,,cob employee,POINT (-71.098239897999974 42.332229333000043),-71.098239897999974,42.332229333000043
N_601230550253961587,BCYF-Tremont,Q3NF-P7FA-7PAS,BCYF-4th FL HumanSvcs-MR46,,,,"{bcyf,cob-employee}",8/19/2026 2:40:54.000,1,,,,cob employee,,,
N_601230550253961587,BCYF-Tremont,Q3KD-E6XT-X288,BCYF-1st FL MR46-AP2,"1483 Tremont St Boston, MA",42.332229333000001,-71.098239898000003,"{bcyf,cob-employee}",8/19/2026 2:40:54.000,1,,,,cob employee,POINT (-71.098239897999974 42.332229333000043),-71.098239897999974,42.332229333000043
N_601230550253961587,BCYF-Tremont,Q3KD-YM54-9RYB,BCYF-3rd FL Easter Island-MR46,"1483 Tremont St Boston, MA",42.332229333000001,-71.098239898000003,"{bcyf,cob-employee}",8/19/2026 2:40:54.000,1,,,,cob employee,POINT (-71.098239897999974 42.332229333000043),-71.098239897999974,42.332229333000043
N_601230550253961587,BCYF-Tremont,Q3KD-W2KV-XRGN,BCYF-1st FL MR46-AP1,"1483 Tremont St Boston, MA",42.332229333000001,-71.098239898000003,"{bcyf,cob-employee}",8/19/2026 2:40:54.000,1,,,,cob employee,POINT (-71.098239897999974 42.332229333000043),-71.098239897999974,42.332229333000043
N_601230550253961587,BCYF-Tremont,Q3KD-CUST-A8M6,BCYF-4th FL Dep. Comm-MR46,"1483 Tremont St Boston, MA",42.332229333000001,-71.098239898000003,"{bcyf,cob-employee}",8/19/2026 2:40:54.000,1,,,,cob employee,POINT (-71.098239897999974 42.332229333000043),-71.098239897999974,42.332229333000043
N_601230550253961587,BCYF-Tremont,Q3KD-8NUQ-A9S4,BCYF-4th FL Library-MR46,,,,"{bcyf,cob-employee}",8/19/2026 2:40:54.000,1,,,,cob employee,,,
N_601230550253961809,Bolling,Q3KD-G6Y6-EER5,BOL-ROOFDECK-MR46 AP1,,,,{},8/19/2026 2:40:56.000,1,,,,,,,
N_601230550253961809,Bolling,Q3KD-L2CR-4439,BOL-FOYER-MR46 AP2,"2300 Washington St., Roxbury 02119",42.330141333000000,-71.083664403000000,{CoB-Employee},8/19/2026 2:40:56.000,1,,,,CoB Employee,POINT (-71.083664402999943 42.330141333000029),-71.083664402999943,42.330141333000029
N_601230550253961809,Bolling,Q3KD-ZYBB-KBDB,BOL-PUBLOBBY-MR46 AP1,,,,{},8/19/2026 2:40:56.000,1,,,,,,,
N_601230550253961809,Bolling,Q3KD-QQSF-2GEQ,BOL-SCHLOBBY-MR46 AP1,,,,{CoB-Employee},8/19/2026 2:40:56.000,1,,,,CoB Employee,,,
N_601230550253961809,Bolling,Q3KD-LPAG-GLA7,BOL-WELCOMELOBBY-MR46 AP1,,,,{CoB-Employee},8/19/2026 2:40:56.000,1,,,,CoB Employee,,,
N_601230550253961809,Bolling,Q3KD-NF4N-2X3W,BOL-FOYER-MR46 AP1,,42.337040000000002,-71.072029999999998,"{CoB-Employee,recently-added}",8/19/2026 2:40:56.000,1,,,,CoB Employee,POINT (-71.072029999999984 42.337040000000059),-71.072029999999984,42.337040000000059
N_601230550253962329,BCYF-Vine-CC_ Indoor,Q3KD-XYF8-MF2W,BCYF-Vine Street-Teen Rm 106-MR46,,,,{recently-added},8/19/2026 2:40:56.000,1,,,,,,,
N_601230550253962329,BCYF-Vine-CC_ Indoor,Q3NF-SG8H-QJNR,BCYF-Vine Street-Senior Rm 222-AP2-MR46,"339 Dudley Street. Boston, MA",42.326802334000000,-71.076707404999993,{},8/19/2026 2:40:56.000,1,,,,,POINT (-71.076707404999979 42.326802334000035),-71.076707404999979,42.326802334000035
N_601230550253962329,BCYF-Vine-CC_ Indoor,Q3NF-W6T7-Z4XA,BCYF-Vine Street-Rm 107-MR46,,,,{},8/19/2026 2:40:56.000,1,,,,,,,
N_601230550253962329,BCYF-Vine-CC_ Indoor,Q3KD-63Z7-7MWL,BCYF-Vine Street-Art Rm 122-MR46,,,,{},8/19/2026 2:40:56.000,1,,,,,,,
N_601230550253962329,BCYF-Vine-CC_ Indoor,Q3NF-Z6S4-2VX5,BCYF-Vine Street-Senior Lounge Rm 222-AP1-MR46,,,,{},8/19/2026 2:40:56.000,1,,,,,,,
N_601230550253962329,BCYF-Vine-CC_ Indoor,Q3KD-QTEN-TTF9,BCYF-Vine Street-Rm 123-MR46,,,,{},8/19/2026 2:40:56.000,1,,,,,,,
N_601230550253962329,BCYF-Vine-CC_ Indoor,Q3NF-4B2J-PL7V,BCYF-Vine Street-Fitness Rm 219-MR46,,,,{},8/19/2026 2:40:56.000,1,,,,,,,
N_601230550253962329,BCYF-Vine-CC_ Indoor,Q3NF-H55M-WTFX,BCYF-Vine Street-Computer Rm 205-MR46,,,,{},8/19/2026 2:40:56.000,1,,,,,,,
N_601230550253962845,Jamaica Plain,Q3KG-ZY88-G4AH,JP-BFDE28-MR86 AP3,"746 Centre Street, Jamaica Plain  (POLE)",42.310566338000001,-71.114421894000003,{},8/19/2026 2:40:57.000,1,,,,,POINT (-71.114421893999975 42.310566338000058),-71.114421893999975,42.310566338000058
N_601230550253964978,YEE Tremont,Q3KD-CUEC-43BQ,BCYF_Tremont_YEE_2nd floor-MR46-AP2,"1483 Tremont St Boston, MA",42.332229333000001,-71.098239898000003,{recently-added},8/19/2026 2:40:57.000,1,,,,,POINT (-71.098239897999974 42.332229333000043),-71.098239897999974,42.332229333000043
N_601230550253964978,YEE Tremont,Q3AC-XY74-7QFU,BCYF_Tremont_YEE_2nd floor-BACK-AP4,"1483 Tremont St, Boston, MA",42.332229333000001,-71.098239898000003,"{DYEE,Inside}",8/19/2026 2:40:57.000,1,DYEE,,Inside,,POINT (-71.098239897999974 42.332229333000043),-71.098239897999974,42.332229333000043
N_601230550253964978,YEE Tremont,Q3KD-XSPM-ZJ4M,BCYF_Tremont_YEE_2nd floor-MR46-AP1,"1483 Tremont St Boston, MA",42.332229333000001,-71.098239898000003,{recently-added},8/19/2026 2:40:57.000,1,,,,,POINT (-71.098239897999974 42.332229333000043),-71.098239897999974,42.332229333000043
N_601230550253964978,YEE Tremont,Q3KD-W3RE-YE6P,BCYF_Tremont_YEE_2nd floor-Multi-Purpose-RM-MR46,"1483 Tremont St Boston, MA",42.332229333000001,-71.098239898000003,{recently-added},8/19/2026 2:40:57.000,1,,,,,POINT (-71.098239897999974 42.332229333000043),-71.098239897999974,42.332229333000043
N_601230550253962845,Jamaica Plain,Q3KG-XU4S-6UME,JP-BFDE28-MR86 AP1,,,,{},8/19/2026 2:40:57.000,1,,,,,,,
N_601230550253964978,YEE Tremont,Q3KD-FBYF-PPGS,BCYF_Tremont_YEE_2nd floor-MR46-AP3,"1483 Tremont St Boston, MA",42.332229333000001,-71.098239898000003,{recently-added},8/19/2026 2:40:57.000,1,,,,,POINT (-71.098239897999974 42.332229333000043),-71.098239897999974,42.332229333000043
N_601230550253964978,YEE Tremont,Q3KD-BBTB-7WU3,BCYF_Tremont_YEE_3rd floor-MR46-AP1,"1483 Tremont St Boston, MA",42.332229333000001,-71.098239898000003,{recently-added},8/19/2026 2:40:57.000,1,,,,,POINT (-71.098239897999974 42.332229333000043),-71.098239897999974,42.332229333000043
N_601230550253965002,Navy Yard,Q3AK-EDQ7-X7P4,NavyYard-AP1-MR76,"1481 Tremont St, Boston, MA",42.332211332999997,-71.098140897999997,"{employee,recently-added}",8/19/2026 2:40:58.000,1,,,,employee,POINT (-71.09814089799994 42.332211333000032),-71.098140897999940,42.332211333000032
N_601230550253965002,Navy Yard,Q3AK-G3NG-D7KN,NavyYard-AP2-MR76,Charlestown Navy Yard,42.373289999999997,-71.056619999999995,"{DYEE,Inside,employee,recently-added}",8/19/2026 2:40:58.000,1,DYEE,,Inside,employee,POINT (-71.056619999999953 42.373290000000054),-71.056619999999953,42.373290000000054
N_601230550253965255,Strand Theatre - External,Q3KG-G7FY-K4FC,Strand-Centered above external set of doors-MR86,"543 Columbia Road Boston, Ty MA 02125",42.315948335000002,-71.065961410000000,{},8/19/2026 2:40:58.000,1,,,,,POINT (-71.065961409999943 42.31594833500003),-71.065961409999943,42.315948335000030
N_601230550253965255,Strand Theatre - External,Q3KG-TQC7-2RYA,Strand-Marquee Support Left-MR86,"543 Columbia Road Boston, MA 02125",42.315948335000002,-71.065961410000000,{},8/19/2026 2:40:58.000,1,,,,,POINT (-71.065961409999943 42.31594833500003),-71.065961409999943,42.315948335000030
N_601230550253965255,Strand Theatre - External,Q3KG-XP7A-RTQB,Strand-Marquee Support Right-MR86,"543 Columbia Road Boston, MA 02125",42.315948335000002,-71.065961410000000,{},8/19/2026 2:40:58.000,1,,,,,POINT (-71.065961409999943 42.31594833500003),-71.065961409999943,42.315948335000030
N_601230550253965256,Strand Theatre - Internal,Q3AC-TU9U-E6PR,Strand-Camera Room Office Right-MR46,,,,{},8/19/2026 2:40:59.000,1,,,,,,,
N_601230550253965256,Strand Theatre - Internal,Q3NF-F5BE-FSPH,Strand-Box Office Ceiling-MR46,,,,{},8/19/2026 2:40:59.000,1,,,,,,,
N_601230550253965256,Strand Theatre - Internal,Q3AC-L7ND-NVK2,Strand-Camera Room Theatre Wall-MR46,,,,{},8/19/2026 2:40:59.000,1,,,,,,,
N_601230550253965256,Strand Theatre - Internal,Q3KD-QSWK-KNS8,Strand-Front of House (FOH)-MR46,,,,{},8/19/2026 2:40:59.000,1,,,,,,,
N_601230550253965256,Strand Theatre - Internal,Q3NF-LGKM-ACCG,Strand-Stage Right-MR46,,,,{},8/19/2026 2:40:59.000,1,,,,,,,
N_601230550253965256,Strand Theatre - Internal,Q3KD-8WJQ-P4DK,Strand-Camera Room Office Left-MR46,,,,{},8/19/2026 2:40:59.000,1,,,,,,,
N_601230550253965256,Strand Theatre - Internal,Q3NF-WUU7-QCJW,Strand-Orchestra Lobby-AP2-MR46,,,,{},8/19/2026 2:40:59.000,1,,,,,,,
N_601230550253968117,BCYF-Mildred-CC_Indoor,Q3KG-4EDK-HZF2,BCYF-Mildred-MR86-AP1,"5 mildred ave, mattapan",42.276042343999997,-71.091197403999999,{},8/19/2026 2:41:21.000,1,,,,,POINT (-71.091197403999956 42.276042344000075),-71.091197403999956,42.276042344000075
N_601230550253968118,PWD-Street-Lighting-Warehouse,Q3AK-DFBG-2M2S,Street-Lighting-Warehouse-MR76-AP1,"430A Canterbury Street, Roslindale, MA 02131",42.292440341000002,-71.101394399000000,{employee},8/19/2026 2:41:22.000,1,,,,employee,POINT (-71.101394398999958 42.292440341000031),-71.101394398999958,42.292440341000031
N_601230550253968118,PWD-Street-Lighting-Warehouse,Q3AK-DF76-XKBK,Street-Lighting-Warehouse-MR76-AP2,"430A Canterbury Street, Roslindale, MA 02131",42.292440341000002,-71.101394399000000,{employee},8/19/2026 2:41:22.000,1,,,,employee,POINT (-71.101394398999958 42.292440341000031),-71.101394398999958,42.292440341000031
N_601230550253968118,PWD-Street-Lighting-Warehouse,Q3AK-CCVA-BGM8,Street-Lighting-Warehouse-MR76-AP4,"430A Canterbury Street, Roslindale, MA 02131",42.292440341000002,-71.101394399000000,{employee},8/19/2026 2:41:22.000,1,,,,employee,POINT (-71.101394398999958 42.292440341000031),-71.101394398999958,42.292440341000031
N_601230550253968118,PWD-Street-Lighting-Warehouse,Q3AK-CCBL-E8UR,Street-Lighting-Warehouse-MR76-AP3,"430A Canterbury Street, Roslindale, MA 02131",42.292440341000002,-71.101394399000000,{employee},8/19/2026 2:41:22.000,1,,,,employee,POINT (-71.101394398999958 42.292440341000031),-71.101394398999958,42.292440341000031
N_601230550253968360,BCYF-Jackson-Mann-CC_Indoor,Q3KD-VWNJ-GZS9,BCYF-Jackson-Mann-AP3,"40 Armington St, Allston, MA 02134",42.352047331000001,-71.137700383999999,{employee},8/19/2026 2:41:23.000,1,,,,employee,POINT (-71.13770038399997 42.352047331000051),-71.137700383999970,42.352047331000051
N_601230550253968360,BCYF-Jackson-Mann-CC_Indoor,Q3KD-CRFR-AS2M,BCYF-Jackson-Mann-AP2,"40 Armington St, Allston, MA 02134",42.352047331000001,-71.137700383999999,{employee},8/19/2026 2:41:23.000,1,,,,employee,POINT (-71.13770038399997 42.352047331000051),-71.137700383999970,42.352047331000051
N_601230550253968360,BCYF-Jackson-Mann-CC_Indoor,Q3KD-8XTL-T46U,BCYF-Jackson-Mann-AP1,"40 Armington St, Allston, MA 02134",42.352047331000001,-71.137700383999999,{employee},8/19/2026 2:41:23.000,1,,,,employee,POINT (-71.13770038399997 42.352047331000051),-71.137700383999970,42.352047331000051
N_601230550253968360,BCYF-Jackson-Mann-CC_Indoor,Q3KD-DFLF-J72C,BCYF-Jackson-Mann-AP8,"40 Armington St, Allston, MA 02134",42.352047331000001,-71.137700383999999,{employee},8/19/2026 2:41:23.000,1,,,,employee,POINT (-71.13770038399997 42.352047331000051),-71.137700383999970,42.352047331000051
N_601230550253968360,BCYF-Jackson-Mann-CC_Indoor,Q3KD-2735-N9NL,BCYF-Jackson-Mann-AP10,"40 Armington St, Allston, MA 02134",42.352047331000001,-71.137700383999999,{employee},8/19/2026 2:41:23.000,1,,,,employee,POINT (-71.13770038399997 42.352047331000051),-71.137700383999970,42.352047331000051
N_601230550253968360,BCYF-Jackson-Mann-CC_Indoor,Q3KD-4CKR-9QWN,BCYF-Jackson-Mann-AP5,"40 Armington St, Allston, MA 02134",42.352047331000001,-71.137700383999999,{employee},8/19/2026 2:41:23.000,1,,,,employee,POINT (-71.13770038399997 42.352047331000051),-71.137700383999970,42.352047331000051
N_601230550253968360,BCYF-Jackson-Mann-CC_Indoor,Q3KD-UE55-EZ8W,BCYF-Jackson-Mann-AP7,"40 Armington St, Allston, MA 02134",42.352047331000001,-71.137700383999999,{employee},8/19/2026 2:41:23.000,1,,,,employee,POINT (-71.13770038399997 42.352047331000051),-71.137700383999970,42.352047331000051
N_568579452955534204,Dorchester,Q3AE-BXK8-U5JG,DOT-MURPHY-MR86 AP2,"1 worrell st Dorchester, ma Basketball Court",42.294204338999997,-71.049203415999997,{},8/19/2026 2:40:49.000,1,,,,,POINT (-71.049203415999955 42.294204339000032),-71.049203415999955,42.294204339000032
N_601230550253968360,BCYF-Jackson-Mann-CC_Indoor,Q3KD-9D8Y-AY9G,BCYF-Jackson-Mann-AP4,"40 Armington St, Allston, MA 02134",42.352047331000001,-71.137700383999999,{employee},8/19/2026 2:41:23.000,1,,,,employee,POINT (-71.13770038399997 42.352047331000051),-71.137700383999970,42.352047331000051
N_601230550253968360,BCYF-Jackson-Mann-CC_Indoor,Q3KD-3NMF-AY9P,BCYF-Jackson-Mann-AP6,"40 Armington St, Allston, MA 02134",42.352047331000001,-71.137700383999999,{employee},8/19/2026 2:41:23.000,1,,,,employee,POINT (-71.13770038399997 42.352047331000051),-71.137700383999970,42.352047331000051
N_601230550253968360,BCYF-Jackson-Mann-CC_Indoor,Q3KD-52DM-5B8T,BCYF-Jackson-Mann-AP9,"40 Armington St, Allston, MA 02134",42.352047331000001,-71.137700383999999,{employee},8/19/2026 2:41:23.000,1,,,,employee,POINT (-71.13770038399997 42.352047331000051),-71.137700383999970,42.352047331000051
N_601230550253968441,BCYF-Charlestown-CC_Indoor,Q3KD-U7VF-MCAG,BCYF-Charlestown-MR46-AP2,"240 Medford St., Charlestown, MA - Admin office",42.380109322999999,-71.061069907000004,{},8/19/2026 2:41:23.000,1,,,,,POINT (-71.061069906999933 42.380109323000056),-71.061069906999933,42.380109323000056
N_601230550253968441,BCYF-Charlestown-CC_Indoor,Q3KD-T87C-55WY,BCYF-Charlestown-MR46-AP1,"240 Medford St., Charlestown, MA - Admin office",42.380109322999999,-71.061069907000004,{},8/19/2026 2:41:23.000,1,,,,,POINT (-71.061069906999933 42.380109323000056),-71.061069906999933,42.380109323000056
N_601230550253968442,BCYF-CurtisHall-CC_Indoor,Q3KD-8KFL-P63B,BCYF-Curtis-Hall-AP1-MR46,"20 South Street, Jamaica Plain - room 204 Senior Center Asset tag #701689",42.308829338000002,-71.115078894000007,{},8/19/2026 2:41:24.000,1,,,,,POINT (-71.115078893999964 42.308829338000066),-71.115078893999964,42.308829338000066
N_601230550253968442,BCYF-CurtisHall-CC_Indoor,Q3KD-2URZ-T7RY,BCYF-Curtis-Hall-AP3-MR46,"20 South Street, Jamaica Plain, MA - Room 108 supervisor",42.308829338000002,-71.115078894000007,{},8/19/2026 2:41:24.000,1,,,,,POINT (-71.115078893999964 42.308829338000066),-71.115078893999964,42.308829338000066
N_601230550253968443,BCYF-Leahy-Holloran-CC_Indoor,Q3KD-ALPD-7BWM,BCYF-Leahy-Holloran-MR46 AP1,"One Worrell St., Dorchester, MA -  inside admin office",42.294204338999997,-71.049203415999997,"{employee,recently-added}",8/19/2026 2:41:25.000,1,,,,employee,POINT (-71.049203415999955 42.294204339000032),-71.049203415999955,42.294204339000032
N_601230550253968444,BCYF-Quincy-CC_Indoor,Q3AC-X96E-VGA8,BCYF-Quincy_CC_AP1,"BPS-Quincy_Elem_232, 885 Washington Street, Boston, MA 02111",42.347970328999999,-71.064921908000002,"{BCYF,BCYF-Grant,Inside,recently-added}",8/19/2026 2:41:25.000,1,BCYF,,Inside,,POINT (-71.064921907999974 42.347970329000077),-71.064921907999974,42.347970329000077
N_601230550253968445,BCYF-Roche-CC_Indoor,Q3KD-83JW-45QF,BCYF-Roche-Teen-Center-AP1,"1716 Centre St, West Roxbury, MA 02132",42.287013342999998,-71.149337384000006,"{employee,recently-added}",8/19/2026 2:41:26.000,1,,,,employee,POINT (-71.149337383999978 42.287013343000069),-71.149337383999978,42.287013343000069
N_601230550253968446,BCYF-Roslindale-CC_Indoor,Q3KD-P3VZ-PT95,BCYF-Roslindale-MR46 AP1,"6 Cummins Highway, Roslindale, MA - Meeting room",42.286509342999999,-71.127701391000002,{recently-added},8/19/2026 2:41:27.000,1,,,,,POINT (-71.12770139099996 42.286509343000034),-71.127701390999960,42.286509343000034
N_601230550253968446,BCYF-Roslindale-CC_Indoor,Q3KD-E68M-623N,BCYF-Roslindale-MR46 AP3,"6 Cummins Highway, Roslindale, MA - room 205 teen room",42.286509342999999,-71.127701391000002,{recently-added},8/19/2026 2:41:27.000,1,,,,,POINT (-71.12770139099996 42.286509343000034),-71.127701390999960,42.286509343000034
N_601230550253968446,BCYF-Roslindale-CC_Indoor,Q3KD-7LEB-H38R,BCYF-Roslindale-MR46 AP2,"6 Cummins Highway, Roslindale, MA - Room 108 after school room",42.286509342999999,-71.127701391000002,{recently-added},8/19/2026 2:41:27.000,1,,,,,POINT (-71.12770139099996 42.286509343000034),-71.127701390999960,42.286509343000034
N_601230550253968447,BCYF-Shelburne-CC_Indoor,Q3KD-74HY-4QMS,BCYF-Shelburne-MR46-AP4,"2730 Washington St., Boston, MA 02119",42.322428334999998,-71.090162401000001,{recently-added},8/19/2026 2:41:27.000,1,,,,,POINT (-71.090162400999986 42.322428335000041),-71.090162400999986,42.322428335000041
N_601230550253968447,BCYF-Shelburne-CC_Indoor,Q3KD-3RD3-32BM,BCYF-Shelburne-MR46-AP1,"2730 Washington St., Boston, MA 02119",42.322428334999998,-71.090162401000001,{recently-added},8/19/2026 2:41:27.000,1,,,,,POINT (-71.090162400999986 42.322428335000041),-71.090162400999986,42.322428335000041
N_601230550253968447,BCYF-Shelburne-CC_Indoor,Q3KD-VDE5-B6YZ,BCYF-Shelburne-MR46-AP3,"2730 Washington St., Boston, MA 02119",42.322428334999998,-71.090162401000001,{recently-added},8/19/2026 2:41:27.000,1,,,,,POINT (-71.090162400999986 42.322428335000041),-71.090162400999986,42.322428335000041
N_601230550253968447,BCYF-Shelburne-CC_Indoor,Q3KD-5Z9M-99HA,BCYF-Shelburne-MR46-AP2,"2730 Washington St., Boston, MA 02119",42.322428334999998,-71.090162401000001,{recently-added},8/19/2026 2:41:27.000,1,,,,,POINT (-71.090162400999986 42.322428335000041),-71.090162400999986,42.322428335000041
N_601230550253968544,BCYF-Charlestown-CC_Outdoor,Q3AK-E7TV-XMVL,CHL-CharlestownCC-MR76-AP1,"255 Medford St, Charlestown, MA 02129 (Charlestown Community Center",42.380838322999999,-71.061038406999998,"{bcyf,recently-added}",8/19/2026 2:41:29.000,1,,,,,POINT (-71.061038406999955 42.380838323000035),-71.061038406999955,42.380838323000035
N_601230550253968544,BCYF-Charlestown-CC_Outdoor,Q3AK-CCVD-YPQ3,CHL-BCYF-AP1,"240 Medford St., Charlestown, MA",42.380109322999999,-71.061069907000004,{recently-added},8/19/2026 2:41:29.000,1,,,,,POINT (-71.061069906999933 42.380109323000056),-71.061069906999933,42.380109323000056
N_601230550253968544,BCYF-Charlestown-CC_Outdoor,Q3AK-DZSE-QVAE,CHL-BCYF-AP2,"240 Medford St., Charlestown, MA",42.380109322999999,-71.061069907000004,{recently-added},8/19/2026 2:41:29.000,1,,,,,POINT (-71.061069906999933 42.380109323000056),-71.061069906999933,42.380109323000056
N_601230550253968546,BCYF-Vine-CC_Outdoor,Q3AK-CRC8-VE6L,ROX-VINE-MR76 AP1,"339 Dudley St, Roxbury",42.326802334000000,-71.076707404999993,{recently-added},8/19/2026 2:41:30.000,1,,,,,POINT (-71.076707404999979 42.326802334000035),-71.076707404999979,42.326802334000035
N_601230550253968546,BCYF-Vine-CC_Outdoor,Q3AK-D3VW-XCQY,ROX-VINE-MR76 AP3,"339 Dudley St, Roxbury",42.326802334000000,-71.076707404999993,{recently-added},8/19/2026 2:41:30.000,1,,,,,POINT (-71.076707404999979 42.326802334000035),-71.076707404999979,42.326802334000035
N_601230550253968546,BCYF-Vine-CC_Outdoor,Q3AK-DGJJ-AQGT,ROX-VINE-MR76 AP2,"339 Dudley St, Roxbury",42.326802334000000,-71.076707404999993,{recently-added},8/19/2026 2:41:30.000,1,,,,,POINT (-71.076707404999979 42.326802334000035),-71.076707404999979,42.326802334000035
N_568579452955534204,Dorchester,Q3AK-DN7K-73PX,DOT-HOLMES-MR76 AP1,"40 School St, Dorchester",42.296751338999997,-71.075627406999999,{},8/19/2026 2:40:49.000,1,,,,,POINT (-71.075627406999956 42.296751339000025),-71.075627406999956,42.296751339000025
N_601230550253968546,BCYF-Vine-CC_Outdoor,Q3AK-EUSR-KUFM,ROX-VINE-MR76 AP4,"339 Dudley St, Roxbury",42.326802334000000,-71.076707404999993,{recently-added},8/19/2026 2:41:30.000,1,,,,,POINT (-71.076707404999979 42.326802334000035),-71.076707404999979,42.326802334000035
N_601230550253968548,BCYF-Shelburne-CC_Outdoor,Q3AE-TWYZ-L33J,ROX-Shelburne-MR86 AP1,"2730 Washington St., Roxbury, MA",42.322428334999998,-71.090162401000001,{recently-added},8/19/2026 2:41:32.000,1,,,,,POINT (-71.090162400999986 42.322428335000041),-71.090162400999986,42.322428335000041
N_601230550253968549,BCYF-Hyde-Park-CC_Outdoor,Q3AK-D639-ZQ76,HP-BCYF-AP2,"1179 River Street, Hyde Park, MA02136",42.256296347999999,-71.121081895000003,{recently-added},8/19/2026 2:41:33.000,1,,,,,POINT (-71.121081894999975 42.256296348000035),-71.121081894999975,42.256296348000035
N_568579452955534204,Dorchester,Q3AK-CZ5V-CG2S,DOT-MATHER-MR76 AP1,"1 Meeting House Hill, Dorchester",42.304436299999999,-71.063147999999998,{},8/19/2026 2:40:49.000,1,,,,,POINT (-71.063147999999956 42.304436300000077),-71.063147999999956,42.304436300000077
N_568579452955534204,Dorchester,Q3AK-CUXR-U6DK,DOT-GREENWOOD-MR76 AP1,"189 Glenway St., Dorchester, MA",42.296553338999999,-71.080653905999995,{},8/19/2026 2:40:49.000,1,,,,,POINT (-71.080653905999952 42.29655333900007),-71.080653905999952,42.296553339000070
N_568579452955534204,Dorchester,Q3AK-DFCL-BKHE,DOT-BFD21-MR76 AP1,"641 Columbia Rd., Dorchester, MA",42.318324335000000,-71.063234410000007,{},8/19/2026 2:40:49.000,1,,,,,POINT (-71.06323440999995 42.318324335000057),-71.063234409999950,42.318324335000057
N_568579452955534204,Dorchester,Q3AK-CADE-6MGR,DOT-MARSHALL-MR76-AP1,"35 Westville St., Dorchester, MA",42.299766337999998,-71.071176909000002,"{BPS,Outside}",8/19/2026 2:40:49.000,1,BPS,,Outside,,POINT (-71.071176908999973 42.29976633800004),-71.071176908999973,42.299766338000040
N_568579452955534204,Dorchester,Q3AK-JZXT-2Z4T,DOT-HOLLAND-MR76 AP2,"85 Olney St., Dorchester, MA",42.305607336999998,-71.073858908000005,{},8/19/2026 2:40:49.000,1,,,,,POINT (-71.073858907999977 42.305607337000026),-71.073858907999977,42.305607337000026
N_568579452955534204,Dorchester,Q3AK-KVDF-XDG7,DOT-BPL-UphamsCorner-Roof-MR76-AP1,"500 Columbia Rd., Dorchester, MA",42.314769335999998,-71.067581408999999,"{BPL,Outside,Uphams-Corner-Branch}",8/19/2026 2:40:49.000,1,BPL,,Outside,Uphams Corner Branch,POINT (-71.067581408999956 42.31476933600004),-71.067581408999956,42.314769336000040
N_568579452955534204,Dorchester,Q3AK-FLN6-ZWKT,DOT-BFD21-MR76 AP3,"641 Columbia Rd., Dorchester, MA",42.318324335000000,-71.063234410000007,{},8/19/2026 2:40:49.000,1,,,,,POINT (-71.06323440999995 42.318324335000057),-71.063234409999950,42.318324335000057
N_568579452955534204,Dorchester,Q3AE-8G9R-JGU2,DOT-HOLMES-MR86 AP2,"40 School St, Dorchester",42.296751338999997,-71.075627406999999,{},8/19/2026 2:40:49.000,1,,,,,POINT (-71.075627406999956 42.296751339000025),-71.075627406999956,42.296751339000025
N_568579452955537848,South Boston,Q3AK-CSQ5-6B6R,SB-PERRY-MR76 AP1,,,,{},8/19/2026 2:40:50.000,1,,,,,,,
N_601230550253961436,East Boston,Q3KG-2NTX-D6RZ,EB-BPDA7-MR86 AP3,,,,{},8/19/2026 2:40:53.000,1,,,,,,,
N_568579452955538703,Allston Brighton,Q3KG-ZLA9-GY3Q,AB-BFD-E51-OAKSQUARE-MR86 AP1,,,,{},8/19/2026 2:40:52.000,1,,,,,,,
N_601230550253962329,BCYF-Vine-CC_ Indoor,Q3KD-LKHY-79GG,BCYF-Vine Street-Classroom B-MR46,,,,{},8/19/2026 2:40:56.000,1,,,,,,,
N_601230550253962845,Jamaica Plain,Q3KG-JLLF-CRFW,JP-BFDE28-MR86 AP2,,,,{},8/19/2026 2:40:57.000,1,,,,,,,
N_601230550253965002,Navy Yard,Q3AK-WNHT-9SSX,NavyYard-AP3-MR76,Charlestown Navy Yard,42.373289999999997,-71.056619999999995,{recently-added},8/19/2026 2:40:58.000,1,,,,,POINT (-71.056619999999953 42.373290000000054),-71.056619999999953,42.373290000000054
N_601230550253967800,200-Frontage-RD-TEMPO-APs,Q3AK-FGAN-3AR9,Passport-Transition-200-FrontageRD- RM107-AP1,,,,{recently-added},8/19/2026 2:41:07.000,1,,,,,,,
N_601230550253968105,BCYF-Tobin_CC_Indoor,Q3KD-MXYT-4EGP,BCYF-CC Lobby-MR46,,42.337040000000002,-71.072029999999998,{recently-added},8/19/2026 2:41:20.000,1,,,,,POINT (-71.072029999999984 42.337040000000059),-71.072029999999984,42.337040000000059
N_601230550253968443,BCYF-Leahy-Holloran-CC_Indoor,Q3KD-6VJK-ZD7S,BCYF-Leahy-Holloran-MR46 AP2,,42.337040000000002,-71.072029999999998,"{employee,recently-added}",8/19/2026 2:41:25.000,1,,,,employee,POINT (-71.072029999999984 42.337040000000059),-71.072029999999984,42.337040000000059
N_601230550253968524,BCYF-DeepFreeze_test,Q3AK-DN5N-RA55,NOC-DeepFreeze-test_AP,,42.358159999999998,-71.054069999999996,{recently-added},8/19/2026 2:41:28.000,1,,,,,POINT (-71.054069999999967 42.358160000000055),-71.054069999999967,42.358160000000055
N_601230550253968547,BCYF-Flaherty-Pool_Outdoor,Q3KG-CJ22-HH37,ROS-BCYF-Flaherty-Pool-Outside-MR86 AP1,,42.337040000000002,-71.072029999999998,{recently-added},8/19/2026 2:41:31.000,1,,,,,POINT (-71.072029999999984 42.337040000000059),-71.072029999999984,42.337040000000059
N_568579452955527921,Parks,Q3KG-W762-97BX,PARKS-JAMAICAPOND-MR86 AP1,"507 Jamaicaway, Jamaica Plain, MA - boat house",42.315867337000000,-71.117477393000001,{},8/19/2026 2:40:49.000,1,,,,,POINT (-71.117477392999945 42.315867337000043),-71.117477392999945,42.315867337000043
N_568579452955527921,Parks,Q3KD-V4F5-3LSC,PARKS-JAMAICAPOND-MR46 AP3,,,,{},8/19/2026 2:40:49.000,1,,,,,,,
N_568579452955527921,Parks,Q3AK-CR92-A992,PARKS-COMMON-AP1,Boston Common,42.352938572443840,-71.065310239791884,{},8/19/2026 2:40:49.000,1,,,,,POINT (-71.065310239999974 42.352938572000028),-71.065310239999974,42.352938572000028
N_568579452955527921,Parks,Q3AK-CRWB-RXVL,PARKS-COMMON-AP3,Boston Common,42.356125831374555,-71.067659854888930,{},8/19/2026 2:40:49.000,1,,,,,POINT (-71.067659854999988 42.356125831000043),-71.067659854999988,42.356125831000043
N_568579452955527921,Parks,Q3KG-ZV6T-97HY,PARKS-JAMAICAPOND-MR86 AP2,"507 Jamaicaway, Jamaica Plain, MA - bandstand",42.315867337000000,-71.117477393000001,{},8/19/2026 2:40:49.000,1,,,,,POINT (-71.117477392999945 42.315867337000043),-71.117477392999945,42.315867337000043
N_568579452955527921,Parks,Q3AK-DGSZ-GM7H,PARKS-COMMON-AP7,Boston Common,42.355539134157915,-71.063969135284438,{},8/19/2026 2:40:49.000,1,,,,,POINT (-71.063969134999979 42.355539134000026),-71.063969134999979,42.355539134000026
N_568579452955527921,Parks,Q3AK-DRLB-LEZF,PARKS-COMMON-AP5,Boston Common,42.355899874311284,-71.065830588340773,{},8/19/2026 2:40:49.000,1,,,,,POINT (-71.065830587999983 42.355899875000034),-71.065830587999983,42.355899875000034
N_568579452955527921,Parks,Q3AK-CR6K-YPBC,PARKS-COMMON-AP4,Boston Common,42.354849361506218,-71.066919565200820,{},8/19/2026 2:40:49.000,1,,,,,POINT (-71.066919564999978 42.354849361000049),-71.066919564999978,42.354849361000049
N_568579452955527921,Parks,Q3AK-EK6U-T4FW,PARKS-COMMON-AP2,Boston Common,42.354785933755871,-71.068067550659194,{},8/19/2026 2:40:49.000,1,,,,,POINT (-71.068067550999956 42.354785934000063),-71.068067550999956,42.354785934000063
N_568579452955534204,Dorchester,Q3AK-D6SB-2FUS,DOT-MATHER-MR76 AP3,"1 Meeting House Hill, Dorchester",42.304436299999999,-71.063147999999998,{},8/19/2026 2:40:49.000,1,,,,,POINT (-71.063147999999956 42.304436300000077),-71.063147999999956,42.304436300000077
N_568579452955534204,Dorchester,Q3AK-DF65-ZEHT,DOT-CLEVELAND-MR76-AP1,"11 Charles St, Dorchester",42.300792338000001,-71.061771911999998,"{BPS,Outside}",8/19/2026 2:40:49.000,1,BPS,,Outside,,POINT (-71.061771911999983 42.300792338000065),-71.061771911999983,42.300792338000065
N_568579452955534204,Dorchester,Q3AK-DCY4-BRSV,DOT-MATHER-MR76 AP2,"1 Meeting House Hill, Dorchester",42.304436299999999,-71.063147999999998,{},8/19/2026 2:40:49.000,1,,,,,POINT (-71.063147999999956 42.304436300000077),-71.063147999999956,42.304436300000077
N_568579452955534204,Dorchester,Q3AK-JFYM-KN97,DOT-MURPHY-MR76 AP1,"1 worrell st Dorchester, ma",42.294204338999997,-71.049203415999997,{},8/19/2026 2:40:49.000,1,,,,,POINT (-71.049203415999955 42.294204339000032),-71.049203415999955,42.294204339000032
N_568579452955534204,Dorchester,Q3AK-H6CF-9GJ4,DOT-BPL-UphamsCorner-Roof-MR76-AP2,"35 Brookford St., Roxbury, MA",42.318198334999998,-71.075627405999995,"{BPL,Outside,Uphams-Corner-Branch}",8/19/2026 2:40:49.000,1,BPL,,Outside,Uphams Corner Branch,POINT (-71.075627405999967 42.318198335000034),-71.075627405999967,42.318198335000034
N_568579452955534204,Dorchester,Q3AK-ECQ6-Y93V,DOT-BPL-UphamsCorner-Roof-MR76-AP3,"500 Columbia Rd., Dorchester, MA

BPL-Uphams-Corner
10.255.255.155
port 10",42.314769335999998,-71.067581408999999,"{BPL,Outside,Uphams-Corner-Branch}",8/19/2026 2:40:49.000,1,BPL,,Outside,Uphams Corner Branch,POINT (-71.067581408999956 42.31476933600004),-71.067581408999956,42.314769336000040
N_568579452955534204,Dorchester,Q3AE-38T7-54X2,DOT-BFD21-MR86 AP2,"641 Columbia Rd., Dorchester, MA",42.318324335000000,-71.063234410000007,{},8/19/2026 2:40:49.000,1,,,,,POINT (-71.06323440999995 42.318324335000057),-71.063234409999950,42.318324335000057
N_568579452955537848,South Boston,Q3AK-CZDX-U8EV,SB-HIGHSCHOOL-MR76 AP3,,,,{},8/19/2026 2:40:50.000,1,,,,,,,
N_579275502070532581,Roxbury,Q3AK-KE5N-RM4K,ROX-FREDERICK-MR76 AP3,"Devon & Columbia Rd, Dorchester, MA",42.307490000000001,-71.075950000000006,{},8/19/2026 2:40:52.000,1,,,,,POINT (-71.075949999999978 42.30749000000003),-71.075949999999978,42.307490000000030
N_601230550253961436,East Boston,Q3KG-AJ2E-FJZ9,EB-BPDA7-MR86 AP1,,,,{},8/19/2026 2:40:53.000,1,,,,,,,
N_601230550253967678,Sergiy TEST-APs,Q3AE-MUTD-8W38,AP2,,,,{},8/19/2026 2:41:05.000,1,,,,,,,
N_601230550253968545,BCYF-Curtis-Hall-CC_Outdoor,Q3KG-BR2H-FTN8,JP-CURTIS-HALL-BCYF-MR86 AP2,,42.336080000000003,-71.035830000000004,{recently-added},8/19/2026 2:41:29.000,1,,,,,POINT (-71.035829999999976 42.336080000000038),-71.035829999999976,42.336080000000038
L_601230550253963849,Mobile WiFi Kit 1,Q2ZY-RF99-YN45,MG41-1,,,,{},8/19/2026 2:40:44.000,1,,,,,,,
L_601230550253963849,Mobile WiFi Kit 1,Q3AK-SUL7-7FC4,MR76-1,,,,{},8/19/2026 2:40:44.000,1,,,,,,,
L_601230550253963850,Mobile WiFi Kit 2,Q2ZY-5UCW-5LFZ,MG41-2,,,,{},8/19/2026 2:40:45.000,1,,,,,,,
L_601230550253963850,Mobile WiFi Kit 2,Q3AK-W3JB-ZWJ4,MR76-2,,,,{},8/19/2026 2:40:45.000,1,,,,,,,
L_601230550253963851,Mobile WiFi Kit 3,Q2ZY-V6UL-X52X,MG41-3,,,,{},8/19/2026 2:40:45.000,1,,,,,,,
L_601230550253963851,Mobile WiFi Kit 3,Q3AK-Q4UV-A3YH,MR76-3,,,,{},8/19/2026 2:40:45.000,1,,,,,,,
L_601230550253963852,Mobile WiFi Kit 4,Q2ZY-UMFL-3SV4,MG41-4,,,,{},8/19/2026 2:40:46.000,1,,,,,,,
L_601230550253963852,Mobile WiFi Kit 4,Q3AK-VU6H-QY3R,MR76-4,,,,{},8/19/2026 2:40:46.000,1,,,,,,,
L_601230550253963853,Mobile WiFi Kit 5,Q3AK-VPCA-XAXA,MR76-5,,,,{},8/19/2026 2:40:47.000,1,,,,,,,
L_601230550253963853,Mobile WiFi Kit 5,Q2ZY-CKEJ-LDAC,MG41-5,,,,{},8/19/2026 2:40:47.000,1,,,,,,,
L_601230550253964019,City Hall Truck,Q3KG-6FQL-WDV3,CoB-Mobile-Truck_MR-86,,,,{},8/19/2026 2:40:48.000,1,,,,,,,
L_601230550253964019,City Hall Truck,Q3AU-KME9-S2T6,CoB-Mobile-Truck_MR-78,,,,{},8/19/2026 2:40:48.000,1,,,,,,,
N_568579452955527921,Parks,Q3KG-VR8G-WJJ6,PARKS-FRANKLIN_CLUBHOUSE-MR86-AP1,,,,"{Inside,employee,recently-added}",8/19/2026 2:40:49.000,1,,,Inside,employee,,,
N_568579452955527921,Parks,Q3AK-DGWD-NEFT,PARKS-COMMON-AP10,Boston Common,42.354785933755871,-71.063808202743544,{},8/19/2026 2:40:49.000,1,,,,,POINT (-71.063808202999951 42.354785934000063),-71.063808202999951,42.354785934000063
N_568579452955527921,Parks,Q3AK-CVAW-H5UM,PARKS-COMMON-AP9,Boston Common,42.355340924400998,-71.063443422317519,{},8/19/2026 2:40:49.000,1,,,,,POINT (-71.063443421999978 42.355340924000075),-71.063443421999978,42.355340924000075
N_568579452955527921,Parks,Q3AK-CQWK-ZYPY,PARKS-COMMON-AP8,Boston Common,42.355443993552619,-71.063936948776259,{},8/19/2026 2:40:49.000,1,,,,,POINT (-71.063936948999981 42.355443994000041),-71.063936948999981,42.355443994000041
N_568579452955527921,Parks,Q3AK-CVAE-CUZU,PARKS-COMMON-AP6,Boston Common,42.355872125142234,-71.065535545349135,{},8/19/2026 2:40:49.000,1,,,,,POINT (-71.065535545999978 42.355872125000076),-71.065535545999978,42.355872125000076
N_601230550253968442,BCYF-CurtisHall-CC_Indoor,Q3AC-NC9F-7KH4,BCYF-Curtis-Hall-AP2-MR46,,,,{},8/19/2026 2:41:24.000,1,,,,,,,
N_601230550253968545,BCYF-Curtis-Hall-CC_Outdoor,Q3KG-YXT7-EY52,JP-CURTIS-HALL-BCYF-MR86 AP1,,42.336080000000003,-71.035830000000004,{recently-added},8/19/2026 2:41:29.000,1,,,,,POINT (-71.035829999999976 42.336080000000038),-71.035829999999976,42.336080000000038
N_601230550253965256,Strand Theatre - Internal,Q3KD-QKG5-YKWM,Strand-Stage Left-MR46,,,,{},8/19/2026 2:40:59.000,1,,,,,,,
N_601230550253965256,Strand Theatre - Internal,Q3KD-J6ZD-KZUP,Strand-Orchestra Lobby-AP1-MR46,,,,{},8/19/2026 2:40:59.000,1,,,,,,,
N_601230550253965256,Strand Theatre - Internal,Q3KD-P9FK-5VBZ,Strand-Orchestra Lobby-AP3-MR46,,,,{},8/19/2026 2:40:59.000,1,,,,,,,
N_601230550253966449,OPAT,Q3AC-ZNTZ-AXMN,OPAT-AP2,2201 Washington St Roxbury MA 02118,42.331086333000002,-71.082957902999993,{employee},8/19/2026 2:41:00.000,1,,,,employee,POINT (-71.082957902999965 42.33108633300003),-71.082957902999965,42.331086333000030
N_601230550253966449,OPAT,Q3AC-GXG6-6WZR,OPAT-AP1,2201 Washington St Roxbury MA 02118,42.331086333000002,-71.082957902999993,{employee},8/19/2026 2:41:00.000,1,,,,employee,POINT (-71.082957902999965 42.33108633300003),-71.082957902999965,42.331086333000030
N_601230550253966604,East Boston Senior Center,Q3AB-384Z-M6EA,EBSC-AP-4,"18 Barnes Avenue, East Boston, MA 02128",42.386080000000000,-71.005970000000005,"{Inside,employee}",8/19/2026 2:41:00.000,1,,,Inside,employee,POINT (-71.005969999999934 42.386080000000049),-71.005969999999934,42.386080000000049
N_601230550253966604,East Boston Senior Center,Q3AB-3QKN-ZC2L,EBSC-AP-2,"18 Barnes Avenue, East Boston, MA 02128",42.386080000000000,-71.005970000000005,"{Inside,employee}",8/19/2026 2:41:00.000,1,,,Inside,employee,POINT (-71.005969999999934 42.386080000000049),-71.005969999999934,42.386080000000049
N_601230550253966604,East Boston Senior Center,Q3AB-3PP3-JU4W,EBSC-AP-1,"18 Barnes Avenue, East Boston, MA 02128",42.386080000000000,-71.005970000000005,"{Inside,employee}",8/19/2026 2:41:00.000,1,,,Inside,employee,POINT (-71.005969999999934 42.386080000000049),-71.005969999999934,42.386080000000049
N_601230550253966604,East Boston Senior Center,Q3AB-4Q4V-8E7P,EBSC-AP-5,"18 Barnes Avenue, East Boston, MA 02128",42.386080000000000,-71.005970000000005,"{Inside,employee}",8/19/2026 2:41:00.000,1,,,Inside,employee,POINT (-71.005969999999934 42.386080000000049),-71.005969999999934,42.386080000000049
N_601230550253966604,East Boston Senior Center,Q3AB-SYXF-PX75,EBSC-AP-3,"18 Barnes Avenue, East Boston, MA 02128",42.386080000000000,-71.005970000000005,"{Inside,employee}",8/19/2026 2:41:00.000,1,,,Inside,employee,POINT (-71.005969999999934 42.386080000000049),-71.005969999999934,42.386080000000049
N_601230550253966673,Downtown Boston - City Hall Plaza and Pavilion,Q3AE-M9YS-PAT8,,"1 City Hall Square, Boston, MA 02201",42.360291326999999,-71.058270909000001,{City-Hall},8/19/2026 2:41:02.000,1,,,,City Hall,POINT (-71.058270908999987 42.360291327000027),-71.058270908999987,42.360291327000027
N_601230550253967679,BCYF-Johnson-CC_Indoor,Q3AC-KJGC-ECQ5,BCYF-Johnson-AP2,"68 Annunciation Rd, Mission Hill, MA 02120",42.334470332999999,-71.093159400000005,{employee},8/19/2026 2:41:06.000,1,,,,employee,POINT (-71.093159399999934 42.33447033300007),-71.093159399999934,42.334470333000070
N_601230550253966673,Downtown Boston - City Hall Plaza and Pavilion,Q3AE-Q4LQ-6HK3,AP-MR86-CS-09,"1 City Hall Square, Boston, MA 02201",42.360291326999999,-71.058270909000001,{City-Hall},8/19/2026 2:41:02.000,1,,,,City Hall,POINT (-71.058270908999987 42.360291327000027),-71.058270908999987,42.360291327000027
N_601230550253966673,Downtown Boston - City Hall Plaza and Pavilion,Q3AE-JBPL-DSNV,AP-MR86-CS-23,"1 City Hall Plaza, Pavilion
Boston, MA  02201",42.360291326999999,-71.058270909000001,{City-Hall},8/19/2026 2:41:02.000,1,,,,City Hall,POINT (-71.058270908999987 42.360291327000027),-71.058270908999987,42.360291327000027
N_601230550253966673,Downtown Boston - City Hall Plaza and Pavilion,Q3AE-A793-TEM9,,"1 City Hall Plaza, Pavilion
Boston, MA  02201",42.360291326999999,-71.058270909000001,{City-Hall},8/19/2026 2:41:02.000,1,,,,City Hall,POINT (-71.058270908999987 42.360291327000027),-71.058270908999987,42.360291327000027
N_601230550253966673,Downtown Boston - City Hall Plaza and Pavilion,Q3AE-EETG-KYUS,AP-MR86-CS-31,"1 City Hall Plaza, Pavilion
Boston, MA  02201",42.360291326999999,-71.058270909000001,{City-Hall},8/19/2026 2:41:02.000,1,,,,City Hall,POINT (-71.058270908999987 42.360291327000027),-71.058270908999987,42.360291327000027
N_601230550253966673,Downtown Boston - City Hall Plaza and Pavilion,Q3AE-CANN-4NB2,,"1 City Hall Square, Boston, MA 02201",42.360291326999999,-71.058270909000001,{City-Hall},8/19/2026 2:41:02.000,1,,,,City Hall,POINT (-71.058270908999987 42.360291327000027),-71.058270908999987,42.360291327000027
N_601230550253966673,Downtown Boston - City Hall Plaza and Pavilion,Q3AE-WU87-WVGK,3rd Floor Lobby Entrance,"1 City Hall Plaza, 
Boston, MA  02201",42.360291326999999,-71.058270909000001,{City-Hall},8/19/2026 2:41:02.000,1,,,,City Hall,POINT (-71.058270908999987 42.360291327000027),-71.058270908999987,42.360291327000027
N_601230550253966673,Downtown Boston - City Hall Plaza and Pavilion,Q3AE-E75T-LLQX,AP-MR86-CS-37,"1 City Hall Plaza, Pavilion
Boston, MA  02201",42.360291326999999,-71.058270909000001,{City-Hall},8/19/2026 2:41:02.000,1,,,,City Hall,POINT (-71.058270908999987 42.360291327000027),-71.058270908999987,42.360291327000027
N_601230550253966673,Downtown Boston - City Hall Plaza and Pavilion,Q3AE-QYJ5-RXEJ,AP-MR86-CS-10,"1 City Hall Square, Boston, MA 02201",42.360291326999999,-71.058270909000001,{City-Hall},8/19/2026 2:41:02.000,1,,,,City Hall,POINT (-71.058270908999987 42.360291327000027),-71.058270908999987,42.360291327000027
N_601230550253966673,Downtown Boston - City Hall Plaza and Pavilion,Q3AE-TF7U-TX4P,AP-MR86-IWF-ROOM,"One City Hall Sq, Pavilion Bld, IWF Room,
Boston, MA 02201",42.360291326999999,-71.058270909000001,{City-Hall},8/19/2026 2:41:02.000,1,,,,City Hall,POINT (-71.058270908999987 42.360291327000027),-71.058270908999987,42.360291327000027
N_601230550253966673,Downtown Boston - City Hall Plaza and Pavilion,Q3AE-R6BQ-D5KN,AP-MR86-CS-27,"1 City Hall Plaza, Pavilion
Boston, MA  02201",42.360291326999999,-71.058270909000001,{City-Hall},8/19/2026 2:41:02.000,1,,,,City Hall,POINT (-71.058270908999987 42.360291327000027),-71.058270908999987,42.360291327000027
N_601230550253966673,Downtown Boston - City Hall Plaza and Pavilion,Q3AE-ZDPZ-2LNE,,"1 City Hall Square, Boston, MA 02201",42.360291326999999,-71.058270909000001,{City-Hall},8/19/2026 2:41:02.000,1,,,,City Hall,POINT (-71.058270908999987 42.360291327000027),-71.058270908999987,42.360291327000027
N_601230550253966673,Downtown Boston - City Hall Plaza and Pavilion,Q3AE-8YNT-BM6Q,AP-MR86-CS-36?,"1 City Hall Plaza, Pavilion
Boston, MA  02201",42.360291326999999,-71.058270909000001,{City-Hall},8/19/2026 2:41:02.000,1,,,,City Hall,POINT (-71.058270908999987 42.360291327000027),-71.058270908999987,42.360291327000027
N_601230550253968548,BCYF-Shelburne-CC_Outdoor,Q3AE-LLUD-37VL,ROX-Shelburne-MR86 AP2,"2730 Washington St., Roxbury, MA",42.322428334999998,-71.090162401000001,{recently-added},8/19/2026 2:41:32.000,1,,,,,POINT (-71.090162400999986 42.322428335000041),-71.090162400999986,42.322428335000041
N_601230550253966673,Downtown Boston - City Hall Plaza and Pavilion,Q3AE-QMTD-57LD,2nd Floor North Entrance,"1 City Hall Plaza, 
Boston, MA  02201",42.360291326999999,-71.058270909000001,{City-Hall},8/19/2026 2:41:02.000,1,,,,City Hall,POINT (-71.058270908999987 42.360291327000027),-71.058270908999987,42.360291327000027
N_601230550253966673,Downtown Boston - City Hall Plaza and Pavilion,Q3AE-2F27-DVJ3,AP-MR86-CS-14,"1 City Hall Plaza, Pavilion
Boston, MA  02201",42.360291326999999,-71.058270909000001,{City-Hall},8/19/2026 2:41:02.000,1,,,,City Hall,POINT (-71.058270908999987 42.360291327000027),-71.058270908999987,42.360291327000027
N_601230550253966945,BCYF-Curley-CC_Indoor,Q3AC-RKPB-2QNG,BCYF-CURLEY-AP1,"1663 Columbia Rd, Boston, MA 02127",42.329115332000001,-71.035149919000006,"{BCYF,Inside,UXI,employee}",8/19/2026 2:41:02.000,1,BCYF,,Inside,UXI employee,POINT (-71.035149918999934 42.329115332000072),-71.035149918999934,42.329115332000072
N_601230550253966945,BCYF-Curley-CC_Indoor,Q3AC-7WRL-ZNXJ,BCYF-CURLEY-AP4,"1663 Columbia Rd, Boston, MA 02127",42.329115332000001,-71.035149919000006,"{BCYF,Inside,UXI,employee}",8/19/2026 2:41:02.000,1,BCYF,,Inside,UXI employee,POINT (-71.035149918999934 42.329115332000072),-71.035149918999934,42.329115332000072
N_601230550253966945,BCYF-Curley-CC_Indoor,Q3AC-DCVF-HE6K,BCYF-CURLEY-AP7,"1663 Columbia Rd, Boston, MA 02127",42.329115332000001,-71.035149919000006,"{BCYF,Inside,UXI,employee}",8/19/2026 2:41:02.000,1,BCYF,,Inside,UXI employee,POINT (-71.035149918999934 42.329115332000072),-71.035149918999934,42.329115332000072
N_601230550253966945,BCYF-Curley-CC_Indoor,Q3AC-QE7Y-PC5R,BCYF-CURLEY-AP5,"1663 Columbia Rd, Boston, MA 02127",42.329115332000001,-71.035149919000006,"{BCYF,Inside,UXI,employee}",8/19/2026 2:41:02.000,1,BCYF,,Inside,UXI employee,POINT (-71.035149918999934 42.329115332000072),-71.035149918999934,42.329115332000072
N_601230550253966945,BCYF-Curley-CC_Indoor,Q3AC-KTSG-GXHF,BCYF-CURLEY-AP2,"1663 Columbia Rd, Boston, MA 02127",42.329115332000001,-71.035149919000006,"{BCYF,Inside,UXI,employee}",8/19/2026 2:41:02.000,1,BCYF,,Inside,UXI employee,POINT (-71.035149918999934 42.329115332000072),-71.035149918999934,42.329115332000072
N_601230550253966945,BCYF-Curley-CC_Indoor,Q3AC-2A4K-G5SA,BCYF-CURLEY-AP8,"1663 Columbia Rd, Boston, MA 02127",42.329115332000001,-71.035149919000006,"{BCYF,Inside,UXI,employee}",8/19/2026 2:41:02.000,1,BCYF,,Inside,UXI employee,POINT (-71.035149918999934 42.329115332000072),-71.035149918999934,42.329115332000072
N_601230550253966945,BCYF-Curley-CC_Indoor,Q3AC-DSVP-2T8U,BCYF-CURLEY-AP6,"1663 Columbia Rd, Boston, MA 02127",42.329115332000001,-71.035149919000006,"{BCYF,Inside,UXI,employee}",8/19/2026 2:41:02.000,1,BCYF,,Inside,UXI employee,POINT (-71.035149918999934 42.329115332000072),-71.035149918999934,42.329115332000072
N_601230550253966945,BCYF-Curley-CC_Indoor,Q3AC-96AP-QJ9X,BCYF-CURLEY-AP3,"1663 Columbia Rd, Boston, MA 02127",42.329115332000001,-71.035149919000006,"{BCYF,Inside,UXI,employee}",8/19/2026 2:41:02.000,1,BCYF,,Inside,UXI employee,POINT (-71.035149918999934 42.329115332000072),-71.035149918999934,42.329115332000072
N_601230550253966985,Egleston Square,Q3AK-FN7B-Y89N,Egleston Square-MR76-AP1,"42.313527087006534, -71.09519981992194",42.315142967684565,-71.097571849823012,{recently-added},8/19/2026 2:41:03.000,1,,,,,POINT (-71.097571849999952 42.315142967000043),-71.097571849999952,42.315142967000043
N_601230550253966985,Egleston Square,Q3AK-ERU5-PXQY,Egleston-Square-MR76-AP3,"42.313527087006534, -71.09519981992194",42.313449148596035,-71.095055937767043,{recently-added},8/19/2026 2:41:03.000,1,,,,,POINT (-71.095055937999973 42.313449149000064),-71.095055937999973,42.313449149000064
N_601230550253966985,Egleston Square,Q3AK-DCY4-Q9UC,Egleston Square-MR76-AP2,"42.313527087006534, -71.09519981992194",42.314849428531964,-71.097459197044387,{},8/19/2026 2:41:03.000,1,,,,,POINT (-71.097459196999978 42.314849429000049),-71.097459196999978,42.314849429000049
N_601230550253967501,BCYF-Mattahunt-CC_Indoor,Q3AC-PJCY-LDTD,BCYF-Mattahunt-AP5,"100 Hebron St, Mattapan, MA 02126",42.275826344000002,-71.103909899000001,"{BCYF,recently-added}",8/19/2026 2:41:04.000,1,BCYF,,,,POINT (-71.103909898999973 42.275826344000052),-71.103909898999973,42.275826344000052
N_601230550253967501,BCYF-Mattahunt-CC_Indoor,Q3AC-GY58-QT3B,BCYF-Mattahunt-AP2,"100 Hebron St, Mattapan, MA 02126",42.275826344000002,-71.103909899000001,"{BCYF,recently-added}",8/19/2026 2:41:04.000,1,BCYF,,,,POINT (-71.103909898999973 42.275826344000052),-71.103909898999973,42.275826344000052
N_601230550253967501,BCYF-Mattahunt-CC_Indoor,Q3KD-XGX9-YZCC,BCYF-Mattahunt-AP6,"100 Hebron St, Mattapan, MA 02126",42.275826344000002,-71.103909899000001,{},8/19/2026 2:41:04.000,1,,,,,POINT (-71.103909898999973 42.275826344000052),-71.103909898999973,42.275826344000052
N_601230550253967501,BCYF-Mattahunt-CC_Indoor,Q3AC-HQX7-ELUG,BCYF-Mattahunt-AP1,"100 Hebron St, Mattapan, MA 02126",42.275826344000002,-71.103909899000001,"{BCYF,recently-added}",8/19/2026 2:41:04.000,1,BCYF,,,,POINT (-71.103909898999973 42.275826344000052),-71.103909898999973,42.275826344000052
N_601230550253967501,BCYF-Mattahunt-CC_Indoor,Q3AC-SCN9-EVWL,BCYF-Mattahunt-AP3,"100 Hebron St, Mattapan, MA 02126",42.275826344000002,-71.103909899000001,"{BCYF,recently-added}",8/19/2026 2:41:04.000,1,BCYF,,,,POINT (-71.103909898999973 42.275826344000052),-71.103909898999973,42.275826344000052
N_601230550253967543,Mattapan-Bus-stop,Q3AK-FN8J-HB93,Mattapan-Sq-AP-MR76,1624 Blue Hill Ave @ Mattapan Sq,42.268653344999997,-71.093339403000002,{Outside},8/19/2026 2:41:04.000,1,,,Outside,,POINT (-71.093339402999959 42.268653345000075),-71.093339402999959,42.268653345000075
N_601230550253967543,Mattapan-Bus-stop,Q3AK-DUG6-BDAZ,Fairway-st-AP-MR76,"1621 Blue Hill Ave, Mattapan, MA 02126",42.268455345000000,-71.094131403000006,{Outside},8/19/2026 2:41:04.000,1,,,Outside,,POINT (-71.094131402999949 42.268455345000064),-71.094131402999949,42.268455345000064
N_601230550253967679,BCYF-Johnson-CC_Indoor,Q3AC-ZTK9-2JAX,BCYF-Johnson-AP3,"68 Annunciation Rd, Mission Hill, MA 02120",42.334470332999999,-71.093159400000005,{employee},8/19/2026 2:41:06.000,1,,,,employee,POINT (-71.093159399999934 42.33447033300007),-71.093159399999934,42.334470333000070
N_601230550253967679,BCYF-Johnson-CC_Indoor,Q3AC-KA8K-EWLW,BCYF-Johnson-AP1,"68 Annunciation Rd, Mission Hill, MA 02120",42.334470332999999,-71.093159400000005,{employee},8/19/2026 2:41:06.000,1,,,,employee,POINT (-71.093159399999934 42.33447033300007),-71.093159399999934,42.334470333000070
N_601230550253967800,200-Frontage-RD-TEMPO-APs,Q3AK-DN8W-H5A7,Passport-Transition-200-FrontageRD- RM110-AP2,"39 Kingston St., Boston",42.353550327999997,-71.059449908999994,{recently-added},8/19/2026 2:41:07.000,1,,,,,POINT (-71.059449908999966 42.35355032800004),-71.059449908999966,42.353550328000040
N_601230550253967800,200-Frontage-RD-TEMPO-APs,Q3AE-HWNF-R8DS,Passport-Transition-200-FrontageRD- RM111-AP3,"39 Kingston St., Boston",42.353550327999997,-71.059449908999994,{recently-added},8/19/2026 2:41:07.000,1,,,,,POINT (-71.059449908999966 42.35355032800004),-71.059449908999966,42.353550328000040
N_601230550253967820,Nubian-Bus-Stop,Q3AE-542B-MYJN,ROX-Nubian-AP5,2300 Washington Roxbury,42.330141333000000,-71.083664403000000,{recently-added},8/19/2026 2:41:07.000,1,,,,,POINT (-71.083664402999943 42.330141333000029),-71.083664402999943,42.330141333000029
N_601230550253967820,Nubian-Bus-Stop,Q3AE-NN5V-PRPA,ROX-Nubian-AP2,2300 Washington Roxbury,42.330141333000000,-71.083664403000000,{recently-added},8/19/2026 2:41:07.000,1,,,,,POINT (-71.083664402999943 42.330141333000029),-71.083664402999943,42.330141333000029
N_601230550253967820,Nubian-Bus-Stop,Q3AE-QFTK-E55W,ROX-Nubian-AP1,2300 Washington Roxbury,42.330141333000000,-71.083664403000000,{recently-added},8/19/2026 2:41:07.000,1,,,,,POINT (-71.083664402999943 42.330141333000029),-71.083664402999943,42.330141333000029
N_601230550253967820,Nubian-Bus-Stop,Q3AE-HUNW-BPK6,ROX-Nubian-AP4,2300 Washington Roxbury,42.330141333000000,-71.083664403000000,{recently-added},8/19/2026 2:41:07.000,1,,,,,POINT (-71.083664402999943 42.330141333000029),-71.083664402999943,42.330141333000029
N_601230550253967820,Nubian-Bus-Stop,Q3AE-YCB2-9LEG,ROX-Nubian_AP3,2300 Washington Roxbury,42.330141333000000,-71.083664403000000,{recently-added},8/19/2026 2:41:07.000,1,,,,,POINT (-71.083664402999943 42.330141333000029),-71.083664402999943,42.330141333000029
N_601230550253967835,BCYF-Johnson-CC_Outdoor,Q3AK-UL2W-25Y7,BCYF-Johnson-AP6,"68 Annunciation Rd, Mission Hill, MA 02120",42.334470332999999,-71.093159400000005,{recently-added},8/19/2026 2:41:08.000,1,,,,,POINT (-71.093159399999934 42.33447033300007),-71.093159399999934,42.334470333000070
N_601230550253967835,BCYF-Johnson-CC_Outdoor,Q3AK-TPZ9-VC2K,BCYF-Johnson-AP4,"68 Annunciation Rd, Mission Hill, MA 02120",42.334470332999999,-71.093159400000005,{recently-added},8/19/2026 2:41:08.000,1,,,,,POINT (-71.093159399999934 42.33447033300007),-71.093159399999934,42.334470333000070
N_601230550253967835,BCYF-Johnson-CC_Outdoor,Q3AK-U7T9-99YA,BCYF-Johnson-AP5,"68 Annunciation Rd, Mission Hill, MA 02120",42.334470332999999,-71.093159400000005,{recently-added},8/19/2026 2:41:08.000,1,,,,,POINT (-71.093159399999934 42.33447033300007),-71.093159399999934,42.334470333000070
N_601230550253967836,Downtown City Hall Pavilion_Indoor,Q3AE-A943-FE9F,City Hall Pavilion - Interior AP1,"One City Hall Sq, Pavilion Bldg
Boston, MA 02201",42.360291326999999,-71.058270909000001,"{City-Hall,employee,recently-added}",8/19/2026 2:41:09.000,1,,,,City Hall employee,POINT (-71.058270908999987 42.360291327000027),-71.058270908999987,42.360291327000027
N_601230550253967836,Downtown City Hall Pavilion_Indoor,Q3AE-BFV5-YGNC,City Hall Pavilion - Interior AP2,"One City Hall Sq, Pavilion Bldg
Boston, MA 02201",42.360291326999999,-71.058270909000001,"{City-Hall,employee,recently-added}",8/19/2026 2:41:09.000,1,,,,City Hall employee,POINT (-71.058270908999987 42.360291327000027),-71.058270908999987,42.360291327000027
N_601230550253967838,BCYF-Curley_Outdoor,Q3AK-FBJE-35KU,BCYF-CURLEY-AP11_OutDoor,"1663 Columbia Rd, Boston, MA 02127",42.329115332000001,-71.035149919000006,{recently-added},8/19/2026 2:41:10.000,1,,,,,POINT (-71.035149918999934 42.329115332000072),-71.035149918999934,42.329115332000072
N_601230550253967838,BCYF-Curley_Outdoor,Q3AK-BEXN-TQN3,BCYF-CURLEY-AP12_OutDoor,"1663 Columbia Rd, Boston, MA 02127",42.329115332000001,-71.035149919000006,{recently-added},8/19/2026 2:41:10.000,1,,,,,POINT (-71.035149918999934 42.329115332000072),-71.035149918999934,42.329115332000072
N_601230550253967838,BCYF-Curley_Outdoor,Q3AK-FCMY-RRA3,BCYF-CURLEY-AP10_OutDoor,"1663 Columbia Rd, Boston, MA 02127",42.329115332000001,-71.035149919000006,{recently-added},8/19/2026 2:41:10.000,1,,,,,POINT (-71.035149918999934 42.329115332000072),-71.035149918999934,42.329115332000072
N_601230550253967838,BCYF-Curley_Outdoor,Q3AK-BF9F-PSRG,BCYF-CURLEY-AP9_OutDoor,"1663 Columbia Rd, Boston, MA 02127",42.329115332000001,-71.035149919000006,{recently-added},8/19/2026 2:41:10.000,1,,,,,POINT (-71.035149918999934 42.329115332000072),-71.035149918999934,42.329115332000072
N_601230550253967881,BCYF-Draper-Pool-CC_Indoor,Q3KD-SWA3-VFLQ,BCYF-Draper-Pool-AP3,"Draper Playground, 5275 Washington St, Boston, MA 02132",42.260022349000003,-71.159574882000001,{employee},8/19/2026 2:41:10.000,1,,,,employee,POINT (-71.159574881999959 42.260022349000053),-71.159574881999959,42.260022349000053
N_601230550253967881,BCYF-Draper-Pool-CC_Indoor,Q3KD-4L56-GCKS,BCYF-Draper-Pool-AP1,"Draper Playground, 5275 Washington St, Boston, MA 02132",42.260022349000003,-71.159574882000001,{employee},8/19/2026 2:41:10.000,1,,,,employee,POINT (-71.159574881999959 42.260022349000053),-71.159574881999959,42.260022349000053
N_601230550253967881,BCYF-Draper-Pool-CC_Indoor,Q3AK-E9S6-9NXM,BCYF-Draper-Pool-AP2,5275 Washington St.West Roxbury MA 02132,42.260022349000003,-71.159574882000001,{},8/19/2026 2:41:10.000,1,,,,,POINT (-71.159574881999959 42.260022349000053),-71.159574881999959,42.260022349000053
N_601230550253967884,BCYF-Flaherty-Pool-CC_Indoor,Q3KD-C3AA-2TWG,BCYF-Flaherty-Pool-AP2,"160 Florence St,Roslindale MA 02131",42.288192342000002,-71.122310393000006,{employee},8/19/2026 2:41:11.000,1,,,,employee,POINT (-71.122310392999964 42.288192342000059),-71.122310392999964,42.288192342000059
N_601230550253967884,BCYF-Flaherty-Pool-CC_Indoor,Q3KD-742J-AKAW,BCYF-Flaherty-Pool-AP1,"160 Florence St,Roslindale MA 02131",42.288192342000002,-71.122310393000006,{employee},8/19/2026 2:41:11.000,1,,,,employee,POINT (-71.122310392999964 42.288192342000059),-71.122310392999964,42.288192342000059
N_601230550253967885,BCYF-Mason-Pool-CC_Indoor,Q3KD-R8HW-ZE6K,BCYF-Mason-Pool-AP1,"159 Norfolk Ave, Roxbury, MA 02119",42.325884332999998,-71.070726906999994,{employee},8/19/2026 2:41:12.000,1,,,,employee,POINT (-71.070726906999937 42.325884333000033),-71.070726906999937,42.325884333000033
N_601230550253967885,BCYF-Mason-Pool-CC_Indoor,Q3KD-EDQF-EET5,BCYF-Mason-Pool-AP2,"159 Norfolk Ave, Roxbury, MA 02119",42.325884332999998,-71.070726906999994,"{employee,recently-added}",8/19/2026 2:41:12.000,1,,,,employee,POINT (-71.070726906999937 42.325884333000033),-71.070726906999937,42.325884333000033
N_601230550253967935,BCYF-Gallivan-CC-Indoor,Q3KD-EKN6-HY8F,BCYF-GALLIVAN-MR46-AP3,,42.381680000000003,-71.064089999999993,"{bcfy,employee}",8/19/2026 2:41:13.000,1,,,,bcfy employee,POINT (-71.064089999999965 42.381680000000074),-71.064089999999965,42.381680000000074
N_601230550253967935,BCYF-Gallivan-CC-Indoor,Q3KD-58QZ-7KEU,BCYF-GALLIVAN-MR46-AP1,,,,"{bcfy,employee}",8/19/2026 2:41:13.000,1,,,,bcfy employee,,,
N_601230550253967935,BCYF-Gallivan-CC-Indoor,Q3KD-K8UK-G9ET,BCYF-GALLIVAN-MR46-AP2,,,,"{bcfy,employee}",8/19/2026 2:41:13.000,1,,,,bcfy employee,,,
N_601230550253967997,BCYF-Nazarro-CC_Indoor,Q3KD-RWPV-4LFJ,BCYF-Nazarro-AP2,"1179 River St, Hyde Park, MA 02136",42.256296347999999,-71.121081895000003,"{employee,recently-added}",8/19/2026 2:41:14.000,1,,,,employee,POINT (-71.121081894999975 42.256296348000035),-71.121081894999975,42.256296348000035
N_601230550253967997,BCYF-Nazarro-CC_Indoor,Q3KD-N7G2-ZLNM,BCYF-Nazarro-AP1,"1179 River St, Hyde Park, MA 02136",42.256296347999999,-71.121081895000003,"{employee,recently-added}",8/19/2026 2:41:14.000,1,,,,employee,POINT (-71.121081894999975 42.256296348000035),-71.121081894999975,42.256296348000035
N_601230550253967998,BCYF-Archdale_Menino-CC_Indoor,Q3KD-BE5J-TLRR,BCYF-Archdale-Menino-AP1,"125 Brookway Road, Roslindale, MA 02131, US",42.292350341000002,-71.120100893000000,{employee},8/19/2026 2:41:15.000,1,,,,employee,POINT (-71.120100892999972 42.292350341000031),-71.120100892999972,42.292350341000031
N_601230550253967998,BCYF-Archdale_Menino-CC_Indoor,Q3KD-CEBD-QY3T,BCYF-Archdale-Menino-AP2,"125 Brookway Road, Roslindale, MA 02131, USA",42.292350341000002,-71.120100893000000,{employee},8/19/2026 2:41:15.000,1,,,,employee,POINT (-71.120100892999972 42.292350341000031),-71.120100892999972,42.292350341000031
N_601230550253967998,BCYF-Archdale_Menino-CC_Indoor,Q3KD-YUDT-ZWS3,BCYF-Archdale-Menino-AP3,"125 Brookway Road, Roslindale, MA 02131, USA",42.292350341000002,-71.120100893000000,{employee},8/19/2026 2:41:15.000,1,,,,employee,POINT (-71.120100892999972 42.292350341000031),-71.120100892999972,42.292350341000031
N_601230550253967999,Malcolm-X-Park,Q3AE-XBXJ-TQ6X,Malcolm-X-Park-AP4,"131 Dale St, Boston, MA 02119",42.270768347000001,-71.166729879000002,{},8/19/2026 2:41:15.000,1,,,,,POINT (-71.166729878999945 42.270768347000057),-71.166729878999945,42.270768347000057
N_601230550253967999,Malcolm-X-Park,Q3AE-W8NM-HS4L,Malcolm-X-Park-AP2,"131 Dale St, Boston, MA 02119",42.270768347000001,-71.166729879000002,{},8/19/2026 2:41:15.000,1,,,,,POINT (-71.166729878999945 42.270768347000057),-71.166729878999945,42.270768347000057
N_601230550253967999,Malcolm-X-Park,Q3AE-RX6X-DNSB,Malcolm-X-Park-AP3,"131 Dale St, Boston, MA 02119",42.270768347000001,-71.166729879000002,{},8/19/2026 2:41:15.000,1,,,,,POINT (-71.166729878999945 42.270768347000057),-71.166729878999945,42.270768347000057
N_601230550253967999,Malcolm-X-Park,Q3AE-M5KM-S2E8,Malcolm-X-Park-AP1,"131 Dale St, Boston, MA 02119",42.270768347000001,-71.166729879000002,{},8/19/2026 2:41:15.000,1,,,,,POINT (-71.166729878999945 42.270768347000057),-71.166729878999945,42.270768347000057
N_601230550253968000,BCYF-Hyde-Park-CC_Indoor,Q3KD-9WF3-RWDP,BCYF-Hyde-Park-AP1,"30 N Bennet St, Boston, MA 02113",42.365277325000001,-71.054414410000007,"{employee,recently-added}",8/19/2026 2:41:16.000,1,,,,employee,POINT (-71.054414409999936 42.365277325000079),-71.054414409999936,42.365277325000079
N_601230550253968000,BCYF-Hyde-Park-CC_Indoor,Q3KD-CPLV-BKP8,BCYF-Hyde-Park-AP4,"30 N Bennet St, Boston, MA 02113",42.365277325000001,-71.054414410000007,"{employee,recently-added}",8/19/2026 2:41:16.000,1,,,,employee,POINT (-71.054414409999936 42.365277325000079),-71.054414409999936,42.365277325000079
N_601230550253968000,BCYF-Hyde-Park-CC_Indoor,Q3KD-UMWJ-VYHM,BCYF-Hyde-Park-AP2,"1179 River St, Hyde Park, MA 02136",42.256296347999999,-71.121081895000003,{employee},8/19/2026 2:41:16.000,1,,,,employee,POINT (-71.121081894999975 42.256296348000035),-71.121081894999975,42.256296348000035
N_601230550253968000,BCYF-Hyde-Park-CC_Indoor,Q3KD-Y889-KNEN,BCYF-Hyde-Park-AP3,"1179 River St, Hyde Park, MA 02136",42.256296347999999,-71.121081895000003,{employee},8/19/2026 2:41:16.000,1,,,,employee,POINT (-71.121081894999975 42.256296348000035),-71.121081894999975,42.256296348000035
N_601230550253968078,BCYF-Paris-St-Pool_CC_Indoor,Q3KD-39S2-TD5F,BCYF-Paris-St-Pool-AP1,"113 Paris St, East Boston, MA 02128",42.372414323999998,-71.036900415999995,{employee},8/19/2026 2:41:16.000,1,,,,employee,POINT (-71.03690041599998 42.372414324000033),-71.036900415999980,42.372414324000033
N_601230550253968078,BCYF-Paris-St-Pool_CC_Indoor,Q3KD-NVSD-4FL7,BCYF-Paris-St-Pool-AP2,"113 Paris St, East Boston, MA 02128",42.372414323999998,-71.036900415999995,{employee},8/19/2026 2:41:16.000,1,,,,employee,POINT (-71.03690041599998 42.372414324000033),-71.036900415999980,42.372414324000033
N_601230550253968079,BCYF-Pino-CC_indoor,Q3KD-NG9T-2DGN,BCYF-PINO-AP3,"86 Boardman St, Boston, MA 02128",42.388893320000001,-71.010818423000003,{employee},8/19/2026 2:41:17.000,1,,,,employee,POINT (-71.010818422999932 42.388893320000079),-71.010818422999932,42.388893320000079
N_601230550253968079,BCYF-Pino-CC_indoor,Q3KD-R3J3-4P52,BCYF-PINO-AP2,"86 Boardman St, Boston, MA 02128",42.388893320000001,-71.010818423000003,{employee},8/19/2026 2:41:17.000,1,,,,employee,POINT (-71.010818422999932 42.388893320000079),-71.010818422999932,42.388893320000079
N_601230550253968079,BCYF-Pino-CC_indoor,Q3KD-3P3Z-N7A7,BCYF-PINO-AP1,"86 Boardman St, Boston, MA 02128",42.388893320000001,-71.010818423000003,{employee},8/19/2026 2:41:17.000,1,,,,employee,POINT (-71.010818422999932 42.388893320000079),-71.010818422999932,42.388893320000079
N_601230550253968090,BCYF-Clougherty-Pool_CC_Indoor,Q3KD-96Q5-F2ZC,BCYF-Clougherty-Pool-AP1,"345 Bunker Hill St, Boston, MA 02129",42.381864323000002,-71.067527405000007,{employee},8/19/2026 2:41:18.000,1,,,,employee,POINT (-71.067527404999964 42.381864323000059),-71.067527404999964,42.381864323000059
N_601230550253968090,BCYF-Clougherty-Pool_CC_Indoor,Q3KD-5KLX-EXZW,BCYF-Clougherty-Pool-AP3,"345 Bunker Hill St, Boston, MA 02129",42.381864323000002,-71.067527405000007,{employee},8/19/2026 2:41:18.000,1,,,,employee,POINT (-71.067527404999964 42.381864323000059),-71.067527404999964,42.381864323000059
N_601230550253968090,BCYF-Clougherty-Pool_CC_Indoor,Q3KD-TJWW-UTKS,BCYF-Clougherty-Pool-AP2,"345 Bunker Hill St, Boston, MA 02129",42.381864323000002,-71.067527405000007,{employee},8/19/2026 2:41:18.000,1,,,,employee,POINT (-71.067527404999964 42.381864323000059),-71.067527404999964,42.381864323000059
N_601230550253968091,BCYF-Clougherty-Pool-CC_Outdoor,Q3KG-2YKD-99KQ,BCYF-Clougherty-Pool-MR86-AP3,"345 Bunker Hill St, Boston, MA 02129",42.381864323000002,-71.067527405000007,{},8/19/2026 2:41:19.000,1,,,,,POINT (-71.067527404999964 42.381864323000059),-71.067527404999964,42.381864323000059
N_601230550253968091,BCYF-Clougherty-Pool-CC_Outdoor,Q3KG-NR7R-3D6A,BCYF-Clougherty-Pool-MR86-AP2,"345 Bunker Hill St, Boston, MA 02129",42.381864323000002,-71.067527405000007,{},8/19/2026 2:41:19.000,1,,,,,POINT (-71.067527404999964 42.381864323000059),-71.067527404999964,42.381864323000059
N_601230550253968091,BCYF-Clougherty-Pool-CC_Outdoor,Q3KG-4UVU-3PR9,BCYF-Clougherty-Pool-MR86-AP4,"345 Bunker Hill St, Boston, MA 02129",42.381864323000002,-71.067527405000007,{},8/19/2026 2:41:19.000,1,,,,,POINT (-71.067527404999964 42.381864323000059),-71.067527404999964,42.381864323000059
N_601230550253968091,BCYF-Clougherty-Pool-CC_Outdoor,Q3KG-J6UX-KJVM,BCYF-Clougherty-Pool-MR86-AP1,"345 Bunker Hill St, Boston, MA 02129",42.381864323000002,-71.067527405000007,{},8/19/2026 2:41:19.000,1,,,,,POINT (-71.067527404999964 42.381864323000059),-71.067527404999964,42.381864323000059
N_601230550253968104,BCYF-Tobin_CC_Outdoor,Q3KG-43LN-AUQ9,BCYF-Tobin-MR86-AP1,"1483 Tremont St, Boston, MA 02120",42.332229333000001,-71.098239898000003,{},8/19/2026 2:41:19.000,1,,,,,POINT (-71.098239897999974 42.332229333000043),-71.098239897999974,42.332229333000043
N_601230550253968104,BCYF-Tobin_CC_Outdoor,Q3AK-CC3D-7362,ROX-TOBIN-BCYF-MR76 AP1,"1481 Tremont St, Roxbury Crossing, MA 02120",42.332211332999997,-71.098140897999997,{recently-added},8/19/2026 2:41:19.000,1,,,,,POINT (-71.09814089799994 42.332211333000032),-71.098140897999940,42.332211333000032
N_601230550253968105,BCYF-Tobin_CC_Indoor,Q3KD-3CSY-29GF,BCYF-Tobin-AP1,"1483 Tremont St, Boston, MA 02120",42.332229333000001,-71.098239898000003,"{bcyf,cob-employee}",8/19/2026 2:41:20.000,1,,,,cob employee,POINT (-71.098239897999974 42.332229333000043),-71.098239897999974,42.332229333000043
